Bear,Sex,Age,Offspring,Out of den,Into den,Current status,Column1,Year
314,Male,Adult,,No,No,Vehicle strike-dead,,2022
373,Male,Adult,,No,Yes,Active,,2022
409,Female,Adult,"3 yearlings, 1 lost",Yes,No,Cast,,2022
419,Male,Adult,,No,Yes,Active,,2022
424,Male,Adult,,Yes,No,Cast,,2022
460,Male,Adult,,Yes,No,Cast,,2022
476,Female,Adult,None,Yes,Yes,Active,,2022
499,Female,Adult,1 cub,Yes,Yes,Active,,2022
520,Male,Adult,,No,Yes,Active,,2022
560,Female,Adult,3 cubs,Yes,No,Cast,,2022
630,Male,Adult,,No,Yes,Active,,2022
639,Male,Adult,,Yes,No,Cast,,2022
747,Female,Adult,"2 cubs, 1 lost",Yes,Yes,Active,,2022
769,Male,Adult,,No,Yes,Active,,2022
782,Male,Adult,,Yes,No,Cast - killed,,2022
794,Male,Adult,,No,No,Cast,,2022
800,Female,Adult,"2 cubs, 1 lost; 1 live removal",Yes,No,Removed,,2022
804,Male,Adult,,No,Yes,Active,,2022
819,Male,Adult,,Yes,No,Cast,,2022
856,Male,Adult,,No,Yes,Active,,2022
864,Female,Adult,2 cubs,Yes,Yes,Active,,2022
881,Male,Adult,,Yes,No,Cast,,2022
883,Female,Adult,3 cubs,Yes,Yes,Active,,2022
886,Female,Adult,1 yearling,Yes,Yes,Active,,2022
896,Female,Adult,2 2-yr-olds weaned,Yes,Yes,Active,,2022
906,Female,Adult,1 cub,Yes,No,Cast,,2022
908,Male,Adult,,Yes,Yes,Active,,2022
911,Female,Adult,None,Yes,No,Probable battery failure,,2022
912,Female,Adult,2 cubs,Yes,Yes,Active,,2022
913,Female,Adult,3 cubs,Yes,No,Cast,,2022
938,Male,Adult,,No,Yes,Active,,2022
940,Male,Adult,,Yes,No,Cast,,2022
942,Female,Adult,2 yearlings,No,Yes,Active,,2022
948,Female,Adult,"2 yearlings, 2 lost?",No,Yes,Active,,2022
949,Female,Adult,2 yearlings,Yes,Yes,Active,,2022
952,Female,Adult,"1 2-year-old, weaned",Yes,Yes,Active,,2022
953,Male,Adult,,Yes,No,Cast,,2022
967,Male,Adult,,Yes,Yes,Active,,2022
970,Male,Adult,,Yes,No,Cast,,2022
976,Female,Adult,Not observed,Yes,No,Cast,,2022
980,Female,Adult,"2 cubs, 2 lost",Yes,Yes,Active,,2022
981,Female,Adult,None,Yes,Yes,Active,,2022
994,Male,Adult,,No,Yes,Active,,2022
997,Male,Adult,,Yes,No,Cast,,2022
999,Female,Adult,None,Yes,Yes,Active,,2022
1003,Female,Adult,Not observed,No,No,Cast,,2022
1007,Male,Adult,,Yes,Yes,Active,,2022
1009,Female,Adult,None,Yes,No,Cast,,2022
1012,Female,Subadult,None,Yes,No,Cast,,2022
1013,Female,Adult,"1 cub, lost",Yes,No,Cast,,2022
1016,Male,Adult,,Yes,No,Cast,,2022
1018,Female,Adult,None,Yes,No,Cast,,2022
1019,Male,Adult,,Yes,Yes,Active,,2022
1023,Male,Adult,,Yes,No,Cast,,2022
1025,Female,Adult,None,Yes,Yes,Active,,2022
1027,Female,Adult,2 2-yr-olds weaned,Yes,Yes,Active,,2022
1030,Male,Adult,,Yes,No,Cast,,2022
1031,Female,Adult,"2 cubs, 2 lost",Yes,Yes,Active,,2022
1032,Female,Adult,"2 cubs, 1 lost",Yes,Yes,Active,,2022
1033,Male,Adult,,Yes,Yes,Active,,2022
1034,Female,Adult,Not observed,Yes,No,Cast,,2022
1035,Female,Adult,None,Yes,Yes,Active,,2022
1038,Female,Subadult,None,Yes,Yes,Active,,2022
1039,Male,Adult,,Yes,No,Cast,,2022
1040,Male,Adult,,Yes,No,Cast,,2022
1041,Female,Adult,None,Yes,Yes,Active,,2022
1042,Female,Adult,"3 cubs, 3 lost",Yes,No,Cast,,2022
1044,Female,Subadult,None,Yes,Yes,Active,,2022
1045,Male,Adult,,No,Yes,Active,,2022
1046,Female,Subadult,None,Yes,Yes,Active,,2022
1050,Male,Adult,,Yes,No,Removed,,2022
1051,Male,Subadult,,Yes,Yes,Active,,2022
1052,Male,Adult,,Yes,No,Dead,,2022
1053,Male,Adult,,Yes,Yes,Active,,2022
1054,Female,Adult,2 yearlings,Yes,Yes,Active,,2022
1055,Male,Adult,,Yes,No,Cast,,2022
1056,Male,Subadult,,,,Active,,2022
1057,Male,Subadult,,Yes,No,Cast - removed,,2022
1058,Male,Subadult,,Yes,No,Cast,,2022
1059,Male,Adult,,No,Yes,Active,,2022
1060,Male,Adult,,No,Yes,Active,,2022
1061,Male,Adult,,No,Yes,Active,,2022
1062,Female,Adult,None,No,Yes,Active,,2022
1063,Female,Subadult,None,No,Yes,Active,,2022
1064,Female,Subadult,None,No,No,Cast,,2022
1065,Female,Subadult,None,No,Yes,Active,,2022
1066,Male,Adult,,No,Yes,Active,,2022
1067,Male,Adult,,No,Yes,Active,,2022
1068,Male,Subadult,,No,Yes,Active,,2022
1069,Male,Subadult,,No,Yes,Active,,2022
1070,Female,Adult,None,No,Yes,Active,,2022
1071,Female,Subadult,None,No,Yes,Active,,2022
1072,Female,Subadult,None,No,Yes,Active,,2022
1073,Female,Subadult,None,No,Yes,Active,,2022
1074,Male,Subadult,,No,Yes,Active,,2022
1075,Male,Adult,,No,Yes,Active,,2022
1076,Female,Adult,2 yearlings,No,Yes,Active,,2022
1077,Male,Subadult,,No,Yes,Active,,2022
1078,Male,Adult,,No,Yes,Active,,2022
1079,Male,Subadult,,No,Yes,Active,,2022
1080,Male,Adult,,No,Yes,Active,,2022
1081,Female,Subadult,None,No,No,Cast,,2022
1082,Female,Yearling,None,No,No,Cast,,2022
1083,Male,Adult,,No,Yes,Active,,2022
1084,Female,Adult,Not observed,No,Yes,Active,,2022
1085,Male,Adult,,No,Yes,Active,,2022
1086,Female,Adult,None,No,Yes,Active,,2022
1087,Male,Adult,,No,Yes,Active,,2022
1088,Male,Adult,,No,No,Cast,,2022
1089,Female,Adult,"2 cubs, 2 removed",No,No,Removed,,2022
1090,Male,Cub,,No,Yes,Active,,2022
1091,Male,Cub,,No,Yes,Active,,2022
373,Male,Adult,,Yes,No,Cast,,2021
394,Male,Adult,,No,No,Cast - Died,,2021
409,Female,Adult,3 cubs,Yes,Yes,Active,,2021
424,Male,Adult,,No,Yes,Active,,2021
460,Male,Adult,,Yes,Yes,Active,,2021
476,Female,Adult,"1 cub, lost",No,Yes,Active,,2021
481,Female,Adult,"2 cubs, 2 lost",Yes,Yes?,Active,,2021
499,Female,Adult,None,Yes,Yes,Active,,2021
531,Female,Adult,None seen,No,No,Cast,,2021
538,Male,Adult,,No,No,Cast,,2021
556,Male,Adult,,No,No,Cast,,2021
560,Female,Adult,None seen,No,Yes,Active,,2021
566,Male,Adult,,No,No,Cast,,2021
635,Male,Adult,,No,No,Cast,,2021
639,Male,Adult,,No,Yes,Active,,2021
686,Female,Adult,"3 cubs, 2 lost (naturally), 1 unknown",Yes,No,Killed,,2021
695,Male,Adult,,Yes,No,Cast,,2021
706,Female,Adult,3 cubs,No,No,Cast,,2021
713,Male,Adult,,No,No,Cast,,2021
727,Male,Adult,,Yes,No,Cast - died,,2021
734,Female,Adult,2 cubs,Yes,Yes,Active,,2021
747,Female,Adult,"1 yearling, lost",Yes,Yes,Active,,2021
749,Female,Adult,None,No,No,Cast,,2021
782,Male,Adult,,No,Yes,Active,,2021
800,Female,Adult,None,No,Yes,Active,,2021
812,Male,Adult,,Yes,No,Cast,,2021
819,Male,Adult,,Yes,Yes,Active,,2021
864,Female,Adult,None,No,Yes,Active,,2021
881,Male,Adult,,Yes,Yes,Active,,2021
883,Female,Adult,None,Yes,Yes,Active,,2021
885,Male,Adult,,No,No,Cast,,2021
886,Female,Adult,1 cub,No,Yes,Active,,2021
887,Male,Adult,,No,No,Cast,,2021
896,Female,Adult,2 yearlings,Yes,Yes,Active,,2021
899,Female,Adult,1 cub,Yes,No,Killed,,2021
906,Female,Adult,None,No,Yes,Active,,2021
908,Male,Adult,,No,Yes,Active,,2021
909,Female,Adult,"2 2-yr-old, weaned",Yes,No,Cast,,2021
911,Female,Adult,"2 cubs, 2 lost",Yes,Yes,Active,,2021
912,Female,Adult,None,No,Yes,Active,,2021
913,Female,Adult,"1 yearling, lost",Yes,Yes,Active,,2021
914,Female,Adult,"3 cubs, 3 lost?",Yes,No,Killed,,2021
917,Male,Adult,,Yes,No,Cast,,2021
926,Female,Adult,2 cubs,Yes,Yes,Active,,2021
930,Female,Adult,2 cubs,Yes,No,Cast,,2021
940,Male,Adult,,No,Yes,Active,,2021
948,Female,Adult,"3 cubs, 1 lost",Yes,Yes,Active,,2021
949,Female,Adult,2 cubs,Yes,Yes,Active,,2021
952,Female,Adult,"2 yearlings, 1 lost",Yes,Yes,Active,,2021
953,Male,Adult,,No,Yes,Active,,2021
956,Female,Adult,1 yearling,Yes,Yes,Active,,2021
962,Female,Adult,"1 cub, lost",Yes,No,Cast - removed,,2021
966,Female,Adult,"2 cubs, 2 lost",Yes,No,Cast,,2021
967,Male,Adult,,Yes,Yes,Active,,2021
969,Female,Adult,None,Yes,No,Unknown,,2021
970,Male,Adult,,No,Yes,Active,,2021
974,Female,Adult,None,Yes,No,Removed,,2021
976,Female,Adult,"1 cub, lost",Yes,Yes,Active,,2021
978,Male,Adult,,Yes,Yes,Probable battery failure,,2021
979,Female,Adult,2 yearlings,Yes,No,Cast,,2021
980,Female,Adult,None,Yes,Yes,Active,,2021
981,Female,Subadult,None,Yes,Yes,Active,,2021
991,Male,Adult,,Yes,No,Removed,,2021
992,Female,Subadult,None,Yes,No,Cast,,2021
994,Male,Subadult,,Yes,No,Cast,,2021
997,Male,Adult,,Yes,Yes,Active,,2021
999,Female,Subadult,None,Yes,Yes,Active,,2021
1000,Male,Subadult,,Yes,No,Probable battery failure,,2021
1001,Female,Subadult,Not observed,No,No,Cast,,2021
1002,Male,Adult,,Yes,No,Cast,,2021
1003,Female,Adult,"2 cubs, 2 lost",Yes,Yes,Active,,2021
1007,Male,Adult,,Yes,Yes,Active,,2021
1008,Male,Adult,,Yes,No,Cast,,2021
1009,Female,Adult,None,Yes,Yes,Active,,2021
1010,Male,Adult,,Yes,No,Cast,,2021
1012,Female,Subadult,None,Yes,Yes,Active,,2021
1013,Female,Adult,"1 yearling, lost",Yes,Yes,Active,,2021
1016,Male,Subadult,,Yes,Yes,Active,,2021
1017,Female,Subadult,None,Yes,No,Removed,,2021
1018,Female,Adult,"1 2-year-old, weaned",Yes,Yes,Active,,2021
1019,Male,Adult,,Yes,Yes,Active,,2021
1020,Male,Adult,,No,No,Cast,,2021
1021,Male,Adult,,No,No,Cast,,2021
1022,Male,Subadult,,No,No,Removed,,2021
1023,Male,Subadult,,No,Yes,Active,,2021
1024,Male,Adult,,No,Yes,Unknown,,2021
1025,Female,Adult,None,No,Yes,Active,,2021
1026,Male,Adult,,No,No,Cast,,2021
1027,Female,Adult,2 yearlings,No,Yes,Active,,2021
1028,Male,Subadult,,No,No,Removed,,2021
1029,Male,Subadult,,No,No,Unknown,,2021
1030,Male,Subadult,,No,Yes,Active,,2021
1031,Female,Adult,None,No,Yes,Active,,2021
1032,Female,Subadult,None,No,Yes,Active,,2021
1033,Male,Subadult,,No,Yes,Active,,2021
1034,Female,Adult,2 yearlings,No,Yes,Active,,2021
1035,Female,Adult,None,No,Yes,Active,,2021
1036,Male,Adult,,No,No,Cast,,2021
1037,Male,Adult,,No,No,Cast,,2021
1038,Female,Subadult,None,No,Yes,Active,,2021
1039,Male,Subadult,,No,Yes,Active,,2021
1040,Male,Subadult,,No,Yes,Active,,2021
1041,Female,Subadult,None,No,Yes,Active,,2021
1042,Female,Adult,"3 cubs, 3 lost?",No,Yes,Active,,2021
1043,Female,Subadult,None,No,No,Removed,,2021
1044,Female,Adult,None,No,Yes,Active,,2021
1045,Male,Subadult,,No,No,Cast,,2021
1046,Female,Subadult,None,No,Yes,Active,,2021
1047,Male,Adult,,No,No,Cast,,2021
1048,Male,Subadult,,No,No,Removed,,2021
1049,Female,Adult,None,No,No,Cast,,2021
1050,Male,Adult,,No,Yes,Active,,2021
1051,Male,Subadult,,No,Yes,Active,,2021
1052,Male,Adult,,No,Yes,Active,,2021
1053,Male,Adult,,No,Yes,Active,,2021
1054,Female,Adult,2 cubs,No,Yes,Active,,2021
1055,Male,Adult,,No,Yes,Active,,2021
1056,Male,Subadult,,No,Yes,Active,,2021
1057,Male,Subadult,,No,Yes,Active,,2021
1058,Male,Subadult,,No,Yes,Active,,2021
373,Male,Adult,,No,Yes,Active,,2020
394,Male,Adult,,Yes,Yes,Active,,2020
409,Female,Adult,None,No,Yes,Active,,2020
419,Male,Adult,,Yes,No,Cast,,2020
460,Male,Adult,,No,Yes,Active,,2020
480,Male,Adult,,Yes??,No,Cast,,2020
481,Female,Adult,None,Yes,Yes,Active,,2020
499,Female,Adult,1 yearling,No,Yes,Active,,2020
588,Male,Adult,,No,No,Cast,,2020
589,Male,Adult,,Yes,No,Cast,,2020
653,Male,Adult,,Yes,No,Cast,,2020
679,Male,Adult,,No,?,Active,,2020
686,Female,Adult,None,No,Yes,Active,,2020
687,Male,Adult,,No,No,Killed,,2020
688,Male,Adult,,Yes,No,Cast,,2020
695,Male,Adult,,Yes,Yes,Active,,2020
706,Female,Adult,None,Yes,No,Cast,,2020
727,Male,Adult,,No,Yes,Active,,2020
734,Female,Adult,"1 2-year-old, weaned",Yes,Yes,Active,,2020
747,Female,Adult,1 cub,No,Yes,Active,,2020
762,Female,Adult,"2 yearlings, 1 lost",Yes,,Unresolved,,2020
773,Female,Adult,2 cubs,Yes,No,Cast,,2020
786,Female,Adult,"3 yearlings, 3 lost?",Yes,No,Killed,,2020
791,Male,Adult,,Yes,No,Cast,,2020
804,Male,Adult,,Yes,No,Cast,,2020
805,Male,Adult,,No,Yes,Active,,2020
812,Male,Adult,,Yes,Yes,Active,,2020
819,Male,Adult,,No,Yes,Active,,2020
862,Male,Adult,,Yes,No,Cast,,2020
863,Female,Adult,None,Yes,No,Cast,,2020
880,Male,Adult,,Yes,No,Cast,,2020
881,Male,Adult,,No,Yes,Active,,2020
883,Female,Adult,None,Yes,Yes,Active,,2020
895,Female,Adult,3 2-yr-olds weaned,Yes,?,Active,,2020
896,Female,Adult,2 cubs,Yes,Yes,Active,,2020
899,Female,Adult,"1 yearling, lost",Yes,Yes,Active,,2020
909,Female,Adult,2 yearlings,No,Yes,Active,,2020
911,Female,Adult,"1 cub, lost",Yes,Yes,Active,,2020
913,Female,Adult,1 cub,Yes,Yes,Active,,2020
914,Female,Adult,None,Yes,Yes,Active,,2020
917,Male,Adult,,Yes,Yes,Active,,2020
926,Female,Adult,"2 cubs, 2 lost",Yes,Yes,Active,,2020
930,Female,Adult,"2 cubs, 2 lost",Yes,Yes,Active,,2020
933,Female,Adult,None,Yes,No,Cast,,2020
936,Male,Adult,,Yes,No,Removed,,2020
945,Male,Adult,,Yes,No,Cast,,2020
947,Female,Adult,Not observed,Yes,No,Cast,,2020
948,Female,Adult,2 2-yr-olds weaned,Yes,Yes,Active,,2020
949,Female,Subadult,None,Yes,Yes,Active,,2020
952,Female,Adult,2 cubs,Yes,Yes,Active,,2020
954,Female,Adult,"1 yearling, lost",Yes,No,Cast,,2020
956,Female,Adult,"3 cubs, 2 lost",Yes,Yes,Active,,2020
960,Male,Subadult,,Yes,No,Cast,,2020
962,Female,Subadult,None,Yes,Yes,Active,,2020
963,Male,Adult,,Yes,No,Cast,,2020
964,Female,Subadult,None,Yes,No,Cast,,2020
966,Female,Subadult,None,Yes,Yes,Active,,2020
967,Male,Adult,,Yes,Yes,Active,,2020
969,Female,Adult,None seen,Yes,Yes,Active,,2020
974,Female,Subadult,None,Yes,Yes,Active,,2020
976,Female,Adult,"1 cub, lost",Yes,Yes,Active,,2020
977,Female,Adult,1 or more cub/s,Yes,No,Cast,,2020
978,Male,Subadult,,Yes,Yes,Active,,2020
979,Female,Adult,2 cubs,Yes,Yes,Active,,2020
980,Female,Adult,"3 cubs, 3 lost",Yes,Yes,Active,,2020
981,Female,Subadult,None,Yes,Yes,Active,,2020
982,Male,Subadult,,Yes,No,Cast,,2020
983,Male,Adult,,Yes,No,Cast,,2020
984,Male,Subadult,,Yes,No,Removed,,2020
985,Male,Adult,,Yes,No,Cast,,2020
986,Female,Adult,2 yearlings,Yes,No,Cast,,2020
987,Male,Adult,,No,No,Cast,,2020
988,Male,Adult,,No,No,Cast,,2020
989,Female,Adult,"1 yearling, lost",No,No,Cast,,2020
990,Male,Subadult,,No,No,Cast,,2020
991,Male,Subadult,,No,Yes,Active,,2020
992,Female,Subadult,None,No,Yes,Active,,2020
993,Male,Adult,,No,No,Cast,,2020
994,Male,Subadult,,No,Yes,Active,,2020
995,Male,Adult,,No,No,Cast,,2020
996,Male,Adult,,No,No,Cast,,2020
997,Male,Subadult,,No,Yes,Active,,2020
998,Female,Adult,None,No,No,Cast,,2020
999,Female,Adult,None,No,Yes,Active,,2020
1000,Male,Yearling,,No,Yes,Active,,2020
1001,Female,Subadult,None,No,Yes,Active,,2020
1002,Male,Adult,,No,?,Active,,2020
1003,Female,Adult,None,No,Yes,Active,,2020
1004,Male,Adult,,No,No,Cast,,2020
1005,Female,Subadult,None,No,No,Killed,,2020
1006,Male,Subadult,,No,No,Removed,,2020
1007,Male,Adult,,No,Yes,Active,,2020
1008,Male,Adult,,No,Yes,Active,,2020
1009,Female,Subadult,None,No,Yes,Active,,2020
1010,Male,Adult,,No,Yes,Active,,2020
1011,Male,Subadult,,No,No,Cast,,2020
1012,Female,Yearling,,No,Yes,Active,,2020
1013,Female,Adult,1 cub,No,Yes,Active,,2020
1014,Female,Subadult,None,No,No,Removed,,2020
1015,Male,Subadult,,No,No,Removed,,2020
1016,Male,Subadult,,No,Yes,Active,,2020
1017,Female,Subadult,None,No,Yes,Active,,2020
1018,Female,Adult,1 yearling,No,Yes,Active,,2020
1019,Male,Subadult,,No,Yes,Active,,2020
394,Male,Adult,,Yes,Yes,Active,,2019
419,Male,Adult,,No,Yes,Active,,2019
480,Male,Adult,,No,Yes,Active,,2019
481,Female,Adult,None,No,Yes,Active,,2019
589,Male,Adult,,Yes,Yes,Active,,2019
653,Male,Adult,,No,Yes,Active,,2019
688,Male,Adult,,Yes,Yes,Active,,2019
695,Male,Adult,,No,Yes,Active,,2019
706,Female,Adult,None seen,No,Yes,Active,,2019
712,Male,Adult,,Yes,No,Cast,,2019
734,Female,Adult,1 yearling,Yes,Yes,Active,,2019
735,Female,Adult,None,No,No,Removed,,2019
743,Female,Adult,"2 yearlings, 2 lost?",Yes,,Unresolved,,2019
762,Female,Adult,2 cubs,Yes,Yes,Active,,2019
773,Female,Adult,None,Yes,Yes,Active,,2019
786,Female,Adult,"4 cubs, 1 lost",Yes,Yes,Active,,2019
791,Male,Adult,,Yes,Yes,Active,,2019
804,Male,Adult,,No,,Missing,,2019
810,Male,Adult,,No,No,Cast,,2019
812,Male,Adult,,No,Yes,Active,,2019
834,Male,Adult,,No,Yes,Active,,2019
862,Male,Adult,,No,Yes,Active,,2019
863,Female,Adult,"2 cubs, 1 lost",Yes,Yes,Active,,2019
867,Female,Adult,None,Yes,No,Cast,,2019
868,Female,Adult,1 cub,Yes,No,Cast,,2019
869,Female,Adult,Not seen,Yes,,Missing,,2019
876,Female,Adult,None,Yes,No,Cast,,2019
880,Male,Adult,,Yes,Yes,Active,,2019
883,Female,Adult,None,No,Yes,Active,,2019
886,Female,Adult,1 cub,Yes,No,Cast,,2019
887,Male,Adult,,Yes,No,Cast,,2019
893,Female,Adult,None,Yes,No,Cast,,2019
895,Female,Adult,3 yearlings,Yes,Yes,Active,,2019
896,Female,Adult,None,Yes,Yes,Active,,2019
899,Female,Adult,"2 cubs, 1 lost",Yes,Yes,Active,,2019
905,Female,Adult,3 cubs,Yes,No,Cast,,2019
906,Female,Adult,2 cubs,Yes,No,Cast,,2019
907,Female,Adult,None,Yes,No,Cast,,2019
911,Female,Adult,None,Yes,Yes,Active,,2019
913,Female,Adult,None,Yes,Yes,Active,,2019
914,Female,Adult,"1 cub, lost",Yes,Yes,Active,,2019
916,Male,Adult,,Yes,No,Cast,,2019
917,Male,Adult,,Yes,Yes,Active,,2019
922,Male,Adult,,Yes,No,Cast,,2019
924,Female,Subadult,None,Yes,No,Cast,,2019
926,Female,Subadult,None,Yes,Yes,Active,,2019
928,Male,Adult,,Yes,No,Cast,,2019
929,Male,Subadult,,Yes,No,Cast,,2019
930,Female,Adult,None,Yes,Yes,Active,,2019
933,Female,Adult,None,Yes,Yes,Active,,2019
934,Male,Adult,,Yes,No,Cast,,2019
935,Male,Subadult,,Yes,No,Cast,,2019
936,Male,Adult,,Yes,Yes,Active,,2019
938,Male,Adult,,Yes,No,Cast,,2019
939,Male,Adult,,No,No,Cast,,2019
941,Male,Adult,,Yes,No,Cast,,2019
942,Female,Adult,2 yearlings,Yes,Yes,Active,,2019
944,Male,Subadult,,Yes,No,Removed,,2019
945,Male,Adult,,Yes,Yes,Active,,2019
946,Male,Adult,,Yes,No,Cast,,2019
947,Female,Adult,2 cubs,Yes,Yes,Active,,2019
948,Female,Adult,2 yearlings,Yes,Yes,Active,,2019
949,Female,Subadult,None,Yes,Yes,Active,,2019
951,Male,Subadult,,Yes,No,Cast,,2019
952,Female,Adult,None,Yes,Yes,Active,,2019
953,Male,Adult,,Yes,No,Cast,,2019
954,Female,Adult,"2 cubs, 1 lost",Yes,Yes,Active,,2019
956,Female,Adult,None,Yes,Yes,Active,,2019
957,Female,Adult,Not observed,Yes,No,Cast,,2019
958,Male,Adult,,No,No,Cast,,2019
959,Male,Adult,,No,No,Cast,,2019
960,Male,Subadult,,No,No,Active,,2019
961,Female,Adult,None,No,Yes,Active,,2019
962,Female,Subadult,None,No,Yes,Active,,2019
963,Male,Adult,,No,Yes,Active,,2019
964,Female,Subadult,None,No,Yes,Active,,2019
965,Female,Adult,None,No,No,Cast,,2019
966,Female,Subadult,None,No,Yes,Active,,2019
967,Male,Adult,,No,Yes,Active,,2019
968,Male,Adult,,No,No,Cast/removed,,2019
969,Female,Adult,None,No,Yes,Active,,2019
970,Male,Adult,,No,No,Cast,,2019
971,Male,Adult,,No,,Missing,,2019
972,Male,Adult,,No,No,Cast,,2019
973,Female,Subadult,None,No,No,Removed,,2019
974,Female,Subadult,None,No,Yes,Active,,2019
975,Male,Subadult,,No,No,Cast,,2019
976,Female,Adult,None,No,Yes,Active,,2019
977,Female,Adult,None,No,Yes,Active,,2019
978,Male,Subadult,,No,Yes,Active,,2019
979,Female,Subadult,None,No,Yes,Active,,2019
980,Female,Adult,None,No,Yes,Active,,2019
981,Female,Subadult,None,No,Yes,Active,,2019
982,Male,Subadult,,No,Yes,Active,,2019
983,Male,Adult,,No,Yes,Active,,2019
984,Male,Yearling,,No,Yes,Active,,2019
985,Male,Adult,,No,Yes,Active,,2019
986,Female,Adult,2 cubs,No,Yes,Active,,2019
363,Male,Adult,,No,No,Cast,,2018
384,Female,Adult,None,No,No,Cast,,2018
394,Male,Adult,,Yes,Yes,Active,,2018
399,Female,Adult,2 yearlings,Yes,No,Cast,,2018
480,Male,Adult,,No,No,Cast,,2018
506,Male,Adult,,Yes,No,Cast,,2018
516,Male,Adult,,Yes,No,Cast,,2018
589,Male,Adult,,No,Yes,Active,,2018
653,Male,Adult,,Yes,No,Cast,,2018
676,Female,Adult,2 cubs,Yes,No,Killed,,2018
678,Female,Adult,"2 yearlings, 2 lost?",Yes,No,Cast,,2018
679,Male,Adult,,Yes,No,Cast,,2018
688,Male,Adult,,No,Yes,Active,,2018
695,Male,Adult,,Yes,No,Cast,,2018
712,Male,Adult,,No,Yes,Active,,2018
734,Female,Adult,1 cub,No,Yes,Active,,2018
743,Female,Adult,2 cubs,Yes,Yes,Active,,2018
749,Female,Adult,1 cub,Yes,No,Cast,,2018
762,Female,Adult,"1 cub, lost?",Yes,Yes,Active,,2018
763,Male,Adult,,Yes,No,Cast,,2018
771,Female,Adult,"3 cubs, removed",No,No,Removed,,2018
772,Male,Adult,,Yes,No,Missing,,2018
773,Female,Adult,None,Yes,Yes,Active,,2018
782,Male,Adult,,No,No,Cast,,2018
786,Female,Adult,None,Yes,Yes,Active,,2018
789,Male,Adult,,Yes,No,Cast,,2018
791,Male,Adult,,No,Yes,Active,,2018
810,Male,Adult,,Yes,No,Cast,,2018
815,Female,Adult,"1 2-year-old, weaned",Yes,No,Cast,,2018
833,Female,Adult,1 yearling,Yes,Yes,Active,,2018
848,Female,Adult,None,Yes,No,Cast,,2018
851,Female,Adult,1 yearling,Yes,No,Cast,,2018
853,Male,Adult,,Yes,Yes,Active,,2018
859,Male,Subadult,,No,No,Removed,,2018
863,Female,Adult,None,Yes,Yes,Active,,2018
867,Female,Adult,None,Yes,Yes,Active,,2018
868,Female,Adult,None,Yes,Yes,Active,,2018
869,Female,Adult,2 cubs,Yes,Yes,Active,,2018
875,Female,Adult,"2 yearlings, lost 1?",Yes,No,Cast/dead?,,2018
876,Female,Adult,None,Yes,Yes,Active,,2018
878,Male,Adult,,Yes,No,Missing,,2018
879,Male,Subadult,,No,No,Cast,,2018
880,Male,Adult,,Yes,Yes,Active,,2018
883,Female,Adult,None,Yes,No,Cast,,2018
886,Female,Subadult,None,Yes,Yes,Active,,2018
887,Male,Adult,,No,Yes,Active,,2018
888,Male,Adult,,Yes,No,Cast,,2018
890,Male,Subadult,,Yes,No,Cast,,2018
893,Female,Adult,None,Yes,Yes,Active,,2018
895,Female,Adult,3 cubs,Yes,Yes,Active,,2018
896,Female,Adult,"2 cubs, lost 1?",Yes,Yes,Active,,2018
898,Female,Adult,"2 2-year olds, weaned",Yes,No,Cast,,2018
899,Female,Adult,"1 cub, lost",Yes,Yes,Active,,2018
900,Female,Subadult,None,Yes,No,Missing,,2018
902,Male,Adult,,Yes,No,Cast,,2018
905,Female,Adult,"3 2-year Olds, weaned",Yes,Yes,Active,,2018
906,Female,Adult,"1 2-year-old, weaned",Yes,Yes,Active,,2018
907,Female,Adult,None,Yes,Yes,Active,,2018
908,Male,Subadult,,Yes,No,Cast,,2018
909,Female,Adult,None,Yes,No,Cast,,2018
911,Female,Adult,2 cubs,Yes,Yes,Active,,2018
912,Female,Subadult,None,Yes,No,Cast,,2018
913,Female,Adult,2 cubs,Yes,Yes,Active,,2018
914,Female,Adult,"2 yearlings, lost 2?",Yes,Yes,Active,,2018
915,Female,Adult,None,Yes,No,Dead,,2018
916,Male,Adult,,Yes,Yes,Active,,2018
917,Male,Adult,,Yes,Yes,Active,,2018
918,Male,Subadult,,Yes,No,Den/cast?,,2018
919,Female,Subadult,None,Yes,No,Dead,,2018
921,Male,Subadult,,No,No,Removed,,2018
922,Male,Adult,,No,Yes,Active,,2018
923,Male,Adult,,No,No,Cast,,2018
924,Female,Subadult,None,No,Yes,Active,,2018
925,Male,Adult,,No,No,Cast,,2018
926,Female,Subadult,None,No,Yes,Active,,2018
927,Male,Adult,,No,No,Killed,,2018
928,Male,Adult,,No,Yes,Active,,2018
929,Male,Subadult,,No,Yes,Active,,2018
930,Female,Adult,None,No,Yes,Active,,2018
931,Male,Adult,,No,No,Cast,,2018
932,Male,Adult,,No,No,Dead,,2018
933,Female,Adult,None,No,Yes,Active,,2018
934,Male,Adult,,No,Yes,Active,,2018
935,Male,Subadult,,No,Yes,Active,,2018
936,Male,Subadult,,No,Yes,Active,,2018
937,Male,Subadult,,No,No,Removed,,2018
938,Male,Adult,,No,Yes,Active,,2018
939,Male,Adult,,No,Yes,Active,,2018
940,Male,Adult,,No,No,Cast,,2018
941,Male,Adult,,No,Yes,Active,,2018
942,Female,Adult,"2 cubs, lost 1?",No,Yes,Active,,2018
943,Male,Subadult,,No,No,Live removal,,2018
944,Male,Subadult,,No,Yes,Active,,2018
945,Male,Adult,,No,Yes,Active,,2018
946,Male,Subadult,,No,Yes,Active,,2018
947,Female,Adult,None,No,Yes,Active,,2018
948,Female,Adult,2 cubs,No,Yes,Active,,2018
949,Female,Subadult,None,No,Yes,Active,,2018
950,Female,Subadult,None,No,No,Missing,,2018
951,Male,Subadult,,No,Yes,Active,,2018
952,Female,Adult,None,No,Yes,Active,,2018
953,Male,Adult,,No,Yes,Active,,2018
954,Female,Subadult,None,No,Yes,Active,,2018
955,Female,Subadult,None,No,No,Removed,,2018
956,Female,Adult,None,No,Yes,Active,,2018
957,Female,Adult,None,No,Yes,Active,,2018
227,Male,Adult,,Yes,No,Cast,,2017
228,Male,Adult,,No,No,Removed,,2017
394,Male,Adult,,No,,Den/cast?,,2017
399,Female,Adult,2 cubs,Yes,Yes,Active,,2017
427,Male,Adult,,Yes,No,Cast,,2017
439,Female,Adult,3 cubs,Yes,No,Cast,,2017
468,Male,Adult,,Yes,,Active,,2017
485,Female,Adult,"3 cubs, 3 lost",No,No,Killed,,2017
506,Male,Adult,,Yes,Yes,Active,,2017
516,Male,Adult,,No,Yes,Active,,2017
630,Male,Adult,,No,No,Cast,,2017
653,Male,Adult,,Yes,Yes,Active,,2017
676,Female,Adult,"1 yearling, lost?",Yes,Yes,Active,,2017
678,Female,Adult,"2 cubs, 1 lost?",Yes,Yes,Active,,2017
679,Male,Adult,,Yes,Yes,Active,,2017
695,Male,Adult,,No,Yes,Active,,2017
711,Male,Adult,,No,No,Killed,,2017
728,Female,Adult,"3 2-year olds, weaned",Yes,No,Cast,,2017
736,Male,Adult,,No,No,Removed,,2017
743,Female,Adult,"2 2-year olds, weaned",Yes,Yes,Active,,2017
747,Female,Adult,2 cubs,Yes,No,Cast,,2017
749,Female,Adult,None,Yes,Yes,Active,,2017
762,Female,Adult,None,Yes,Yes,Active,,2017
763,Male,Adult,,No,Yes,Active,,2017
772,Male,Adult,,No,Yes,Active,,2017
773,Female,Adult,None,Yes,Yes,Active,,2017
782,Male,Adult,,Yes,No,Cast,,2017
786,Female,Adult,"1 cub, lost",Yes,Yes,Active,,2017
788,Male,Adult,,Yes,No,Probable battery failure,,2017
789,Male,Adult,,No,Yes,Active,,2017
799,Female,Adult,2 yearlings,No,No,Dead,,2017
800,Female,Adult,None,Yes,No,Cast,,2017
803,Male,Adult,Not seen,No,No,Dead,,2017
808,Male,Subadult,,Yes,No,Cast,,2017
810,Male,Adult,,No,Yes,Active,,2017
815,Female,Adult,1 yearling,Yes,Yes,Active,,2017
816,Male,Adult,,No,No,Cast,,2017
819,Male,Adult,,Yes,No,Cast,,2017
824,Male,Adult,,Yes,No,Removed,,2017
825,Male,Adult,,Yes,No,Removed,,2017
828,Male,Adult,,Yes,No,Cast,,2017
831,Female,Adult,"1 2-year-old, weaned",Yes,No,Cast,,2017
833,Female,Adult,2 cubs 1 lost,Yes,Yes,Active,,2017
840,Male,Adult,,Yes,No,Cast,,2017
842,Male,Adult,,Yes,No,Cast,,2017
848,Female,Adult,"1 2-year-old, weaned",Yes,Yes,Active,,2017
851,Female,Adult,2 cubs,Yes,Yes,Active,,2017
852,Male,Adult,,Yes,No,Cast,,2017
853,Male,Adult,,Yes,Yes,Active,,2017
855,Male,Adult,,Yes,No,Cast,,2017
856,Male,Adult,,Yes,No,Cast,,2017
857,Female,Adult,"3 cubs, lost 1",Yes,Yes,Active,,2017
858,Male,Adult,,Yes,No,Cast,,2017
859,Male,Subadult,,Yes,No,Cast,,2017
861,Female,Adult,"2 cubs, lost 2",Yes,No,Dead,,2017
863,Female,Subadult,None,Yes,Yes,Active,,2017
864,Female,Adult,None,Yes,No,Cast,,2017
865,Male,Subadult,,Yes,No,Cast,,2017
866,Male,Subadult,,Yes,No,Removed,,2017
867,Female,Subadult,None,Yes,Yes,Active,,2017
868,Female,Adult,None,Yes,Yes,Active,,2017
869,Female,Adult,"2 3-year olds, weaned",Yes,Yes,Active,,2017
870,Male,Subadult,,Yes,No,Cast,,2017
871,Female,Adult,2 yearlings,Yes,No,Killed,,2017
872,Male,Adult,,Yes,No,Cast,,2017
873,Male,Adult,,Yes,No,Cast,,2017
875,Female,Adult,"3 cubs, 1 lost",Yes,Yes,Active,,2017
876,Female,Subadult,None,Yes,Yes,Active,,2017
877,Male,Subadult,,Yes,No,Removed,,2017
878,Male,Adult,,Yes,Yes,Active,,2017
879,Male,Subadult,,Yes,Yes,Active,,2017
880,Male,Subadult,,Yes,Yes,Active,,2017
881,Male,Adult,,Yes,No,Cast,,2017
882,Male,Adult,,Yes,No,Cast,,2017
883,Female,Subadult,None,Yes,Yes,Active,,2017
884,Male,Adult,,No,No,Cast,,2017
885,Male,Adult,,No,No,Cast,,2017
886,Female,Subadult,None,No,Yes,Active,,2017
887,Male,Adult,,No,No,Cast,,2017
888,Male,Adult,,No,Yes,Active,,2017
889,Male,Yearling,,No,No,Cast,,2017
890,Male,Subadult,,No,Yes,Active,,2017
891,Male,Adult,,No,No,Cast,,2017
892,Male,Adult,,No,No,Cast,,2017
893,Female,Adult,None,No,Yes,Active,,2017
894,Male,Adult,,No,No,Cast,,2017
895,Female,Adult,None,No,Yes,Active,,2017
896,Female,Subadult,None,No,Yes,Active,,2017
897,Male,Adult,,No,No,Cast,,2017
898,Female,Adult,2 yearlings,No,Yes,Active,,2017
899,Female,Subadult,None,No,Yes,Active,,2017
900,Female,Yearling,(Mom - #905),No,Yes,Active,,2017
902,Male,Adult,,No,Yes,Active,,2017
903,Female,Adult,"3 cubs, 3 lost",No,No,Killed,,2017
904,Male,Subadult,,No,No,Removed,,2017
905,Female,Adult,3 yearlings (1 - #900),No,Yes,Active,,2017
906,Female,Adult,2 yearlings,No,Yes,Active,,2017
907,Female,Subadult,None,No,Yes,Active,,2017
908,Male,Subadult,,No,Yes,Active,,2017
909,Female,Subadult,None,No,Yes,Active,,2017
910,Male,Subadult,,No,No,Cast,,2017
911,Female,Subadult,None,No,Yes,Active,,2017
912,Female,Subadult,None,No,Yes,Active,,2017
913,Female,Subadult,None,No,Yes,Active,,2017
914,Female,Adult,2 cubs,No,Yes,Active,,2017
915,Female,Adult,Not seen,No,Yes,Active,,2017
916,Male,Adult,,No,Yes,Active,,2017
917,Male,Adult,,No,Yes,Active,,2017
918,Male,Subadult,,No,Yes,Active,,2017
919,Female,Subadult,None,No,Yes,Active,,2017
920,Male,Subadult,,No,,Missing,,2017
193,Female,Adult,None,Yes,No,Cast,,2016
227,Male,Adult,,No,Yes,Active,,2016
299,Male,Adult,,Yes,No,Dead,,2016
399,Female,Adult,"1 cub, lost",No,Yes,Active,,2016
427,Male,Adult,,No,Yes,Active,,2016
439,Female,Adult,"1 yearling, weaned - GB 866",Yes,Yes,Active,,2016
506,Male,Adult,,Yes,Yes,Active,,2016
556,Male,Adult,,No,No,Cast,,2016
610,Female,Adult,2 yearlings,Yes,No,Cast,,2016
627,Female,Adult,"2 2-year-olds, weaned/lost?",Yes,Yes,Den/Cast?,,2016
644,Male,Adult,,Yes,No,Cast,,2016
655,Male,Adult,,Yes,No,Killed,,2016
672,Female,Adult,2 3-year-olds,Yes,No,Cast,,2016
676,Female,Adult,"3 cubs, 1 died during handling",No,Yes,Active,,2016
678,Female,Adult,None,No,Yes,Active,,2016
679,Male,Adult,,Yes,Yes,Active,,2016
699,Male,Adult,,No,No,Cast,,2016
704,Male,Adult,,Yes,No,Cast,,2016
728,Female,Adult,3 yearlings,Yes,Yes,Active,,2016
732,Female,Adult,None,Yes,No,Cast,,2016
733,Male,Adult,,No,Yes,Active,,2016
743,Female,Adult,"2 yearlings, 1 lost",Yes,Yes,Active,,2016
747,Female,Adult,None,Yes,Yes,Active,,2016
749,Female,Adult,None,No,Yes,Active,,2016
762,Female,Adult,"1 cub, lost",Yes,Yes,Active,,2016
769,Male,Adult,,No,No,Cast,,2016
773,Female,Adult,None,Yes,Yes,Active,,2016
779,Female,Adult,None,Yes,No,Cast,,2016
782,Male,Adult,,Yes,Yes,Active,,2016
783,Male,Adult,,Yes,No,Cast,,2016
786,Female,Subadult,None,Yes,Yes,Active,,2016
788,Male,Subadult,,Yes,Yes,Active,,2016
789,Male,Adult,,No,No,Cast,,2016
790,Male,Adult,,No,No,Cast,,2016
791,Male,Adult,,Yes,No,Cast,,2016
793,Female,Adult,None,Yes,No,Cast,,2016
799,Female,Adult,"3 cubs, 1 lost",No,No,Active,,2016
800,Female,Subadult,Not seen,No,Yes,Active,,2016
803,Male,Subadult,,Yes,Yes,Active,,2016
804,Male,Adult,,Yes,No,Cast,,2016
805,Male,Adult,,Yes,No,Cast,,2016
807,Male,Adult,,Yes,No,Cast,,2016
808,Male,Subadult,,Yes,Yes,Active,,2016
810,Male,Adult,,Yes,No,Cast,,2016
813,Male,Adult,,Yes,No,Cast,,2016
814,Male,Adult,,No,No,Cast,,2016
815,Female,Adult,"3 cubs, 2 lost",Yes,Yes,Active,,2016
816,Male,Adult,,Yes,No,Cast,,2016
817,Male,Subadult,,Yes,No,Cast,,2016
818,Male,Adult,,Yes,No,Killed,,2016
819,Male,Adult,,Yes,Yes,Active,,2016
821,Male,Adult,,Yes,Yes,Active,,2016
824,Male,Adult,,Yes,Yes,Active,,2016
825,Male,Adult,,Yes,Yes,Active,,2016
828,Male,Adult,,Yes,Yes,Active,,2016
830,Male,Adult,,Yes,No,Cast,,2016
831,Female,Adult,1 yearling,Yes,Yes,Active,,2016
833,Female,Adult,None,Yes,Yes,Active,,2016
834,Male,Adult,,Yes,No,Cast,,2016
836,Female,Subadult,None,Yes,No,Removed,,2016
838,Male,Adult,,Yes,No,Cast,,2016
839,Male,Adult,,Yes,No,Removed,,2016
840,Male,Adult,,Yes,,Den/Cast?,,2016
841,Male,Adult,,Yes,No,Cast,,2016
842,Male,Adult,,Yes,Yes,Active,,2016
843,Male,Subadult,,Yes,No,Removed,,2016
844,Male,Subadult,,Yes,No,Removed,,2016
845,Male,Subadult,,No,No,Cast,,2016
846,Male,Adult,,No,No,Removed,,2016
847,Male,Subadult,,No,No,Cast,,2016
848,Female,Adult,1 yearling,No,Yes,Active,,2016
849,Male,Adult,,No,No,Cast,,2016
850,Female,Adult,None,No,Yes,Den/Cast?,,2016
851,Female,Subadult,None,No,Yes,Active,,2016
852,Male,Adult,,No,Yes,Active,,2016
853,Male,Adult,,No,Yes,Active,,2016
854,Male,Adult,,No,No,Cast,,2016
855,Male,Subadult,,No,Yes,Active,,2016
856,Male,Subadult,,No,Yes,Active,,2016
857,Female,Adult,None,No,Yes,Active,,2016
858,Male,Adult,,No,Yes,Active,,2016
859,Male,Subadult,,No,Yes,Active,,2016
860,Male,Adult,,No,No,Cast,,2016
861,Female,Subadult,None,No,Yes,Active,,2016
862,Male,Subadult,,No,No,Cast,,2016
863,Female,Subadult,None,No,Yes,Active,,2016
864,Female,Subadult,None,No,Yes,Active,,2016
865,Male,Subadult,,No,Yes,Active,,2016
866,Male,Yearling,,Yes,Yes,Active,,2016
867,Female,Subadult,None,No,Yes,Active,,2016
868,Female,Adult,None,No,Yes,Active,,2016
869,Female,Adult,2 2-year-olds,No,Yes,Active,,2016
870,Male,Subadult,,No,Yes,Active,,2016
871,Female,Adult,2 cubs,No,Yes,Active,,2016
872,Male,Adult,,No,Yes,Active,,2016
873,Male,Subadult,,No,Yes,Active,,2016
874,Male,Adult,,No,Yes,Active,,2016
875,Female,Adult,None,No,Yes,Active,,2016
876,Female,Subadult,None,No,Yes,Active,,2016
877,Male,Subadult,,No,Yes,Active,,2016
878,Male,Adult,,No,Yes,Active,,2016
879,Male,Subadult,,No,Yes,Active,,2016
880,Male,Subadult,,No,Yes,Active,,2016
881,Male,Adult,,No,Yes,Active,,2016
882,Male,Adult,,No,Yes,Active,,2016
883,Female,Subadult,Not seen,No,Yes,Active,,2016
193,Female,Adult,None,Yes,Yes,Active,,2015
211,Male,Adult,,Yes,Yes,Dead,,2015
227,Male,Adult,,Yes,No,Cast,,2015
299,Male,Adult,,No,Yes,Active,,2015
423,Female,Adult,2 2-year-olds,Yes,No,Cast,,2015
439,Female,Adult,"2 cubs, 1 died during capture",No,Yes,Active,,2015
479,Male,Adult,,Yes,No,Dead,,2015
499,Female,Adult,3 yearlings,Yes,No,Cast,,2015
506,Male,Adult,,Yes,Yes,Active,,2015
541,Female,Adult,2 2-year-olds,Yes,No,Cast,,2015
592,Male,Adult,,Yes,,Missing,,2015
610,Female,Adult,2 cubs,Yes,Yes,Active,,2015
627,Female,Adult,2 yearlings,Yes,Yes,Active,,2015
644,Male,Adult,,Yes,Yes,Active,,2015
655,Male,Adult,,Yes,Yes,Active,,2015
672,Female,Adult,2 2-year-olds,Yes,Yes,Active,,2015
676,Female,Adult,None,Yes,No,Cast,,2015
679,Male,Adult,,Yes,Yes,Active,,2015
704,Male,Adult,,No,Yes,Active,,2015
706,Female,Adult,None,Yes,No,Cast,,2015
711,Male,Adult,,No,,Missing,,2015
713,Male,Adult,,Yes,No,Cast,,2015
725,Female,Adult,"2 cubs, lost when mother died",Yes,No,Dead,,2015
728,Female,Adult,3 cubs,No,Yes,Active,,2015
732,Female,Adult,2 yearlings,Yes,Yes,Active,,2015
742,Male,Adult,,Yes,No,Cast,,2015
743,Female,Adult,2 cubs,Yes,Yes,Active,,2015
747,Female,Adult,,No,Yes,Active,,2015
759,Female,Adult,None,Yes,No,Cast,,2015
761,Male,Adult,,Yes,No,Cast,,2015
762,Female,Adult,"1 cub, lost",Yes,Yes,Active,,2015
770,Female,Adult,,Yes,No,Cast,,2015
772,Male,Adult,,Yes,No,Cast,,2015
773,Female,Adult,1 cub,Yes,Yes,Active,,2015
775,Male,Adult,,Yes,No,Cast,,2015
776,Male,Adult,,Yes,No,Cast,,2015
777,Male,Adult,,Yes,No,Cast,,2015
779,Female,Adult,Not seen,Yes,Yes,Active,,2015
780,Male,Adult,,Yes,No,Dead,,2015
782,Male,Adult,,Yes,Yes,Active,,2015
783,Male,Subadult,,Yes,Yes,Active,,2015
784,Female,Adult,Not seen,Yes,No,Cast/Dead?,,2015
785,Male,Adult,,Yes,No,Cast,,2015
786,Female,Subadult,None,Yes,Yes,Active,,2015
787,Male,Subadult,,Yes,No,Cast,,2015
788,Male,Subadult,,Yes,Yes,Active,,2015
789,Male,Adult,,Yes,Yes,Active,,2015
790,Male,Subadult,,Yes,Yes,Active,,2015
791,Male,Subadult,,Yes,Yes,Active,,2015
792,Male,Adult,,Yes,No,Cast,,2015
793,Female,Adult,"3 yearlings, lost",Yes,Yes,Active,,2015
794,Male,Adult,,No,No,Cast,,2015
795,Male,Subadult,,Yes,No,Cast,,2015
796,Male,Adult,,Yes,No,Cast,,2015
797,Male,Adult,,Yes,No,Cast,,2015
798,Male,Adult,,Yes,Yes,Active,,2015
799,Female,Adult,None,Yes,Yes,Active,,2015
800,Female,Subadult,None,Yes,No,Cast,,2015
801,Female,Subadult,None,Yes,No,Cast/Dead?,,2015
802,Male,Subadult,,No,No,Cast,,2015
803,Male,Subadult,,No,Yes,Active,,2015
804,Male,Adult,,No,Yes,Active,,2015
805,Male,Subadult,,No,Yes,Active,,2015
806,Male,Adult,,No,No,Cast,,2015
807,Male,Adult,,No,Yes,Active,,2015
808,Male,Subadult,,No,Yes,Active,,2015
809,Male,Adult,,No,No,Cast,,2015
810,Male,Adult,,No,Yes,Active,,2015
811,Male,Adult,,No,No,Cast,,2015
812,Male,Adult,,No,No,Cast,,2015
813,Male,Adult,,No,Yes,Active,,2015
814,Male,Adult,,No,No,Cast,,2015
815,Female,Adult,None,No,Yes,Active,,2015
816,Male,Adult,,No,Yes,Active,,2015
817,Male,Adult,,No,Yes,Active,,2015
818,Male,Adult,,No,Yes,Active,,2015
819,Male,Adult,,No,Yes,Active,,2015
820,Male,Adult,,No,No,Dead,,2015
821,Male,Adult,,No,Yes,Active,,2015
822,Female,Adult,"1 cub, lost",No,No,Dead,,2015
824,Male,Subadult,,No,Yes,Active,,2015
825,Male,Adult,,No,Yes,Active,,2015
826,Male,Adult,,No,No,Dead,,2015
827,Male,Subadult,,No,No,Dead,,2015
828,Male,Adult,,No,Yes,Active,,2015
829,Male,Adult,,No,No,Cast,,2015
830,Male,Adult,,No,Yes,Active,,2015
831,Female,Adult,1 cub,No,Yes,Active,,2015
832,Male,Subadult,,No,No,Dead,,2015
833,Female,Adult,None,No,Yes,Active,,2015
834,Male,Adult,,No,Yes,Active,,2015
835,Female,Adult,2 yearlings,No,No,Dead,,2015
836,Female,Subadult,None,No,Yes,Active,,2015
837,Male,Subadult,,No,No,Dead,,2015
838,Male,Adult,,No,Yes,Active,,2015
839,Male,Adult,,No,Yes,Active,,2015
840,Male,Subadult,,No,Yes,Active,,2015
841,Male,Adult,,No,Yes,Active,,2015
842,Male,Adult,,No,Yes,Active,,2015
843,Male,Subadult,,No,Yes,Active,,2015
844,Male,Subadult,,No,Yes,Active,,2015
741,Female,Adult,1 cub,No,Yes,Active,,2014
742,Male,Adult,,Yes,Yes,Active,,2014
743,Female,Adult,2 2-year-olds,Yes,Yes,Active,,2014
744,Male,Adult,,Yes,No,Cast,,2014
745,Male,Subadult,,Yes,No,Dead,,2014
746,Male,Adult,,Yes,No,Cast,,2014
750,Male,Adult,,Yes,No,Cast,,2014
752,Male,Subadult,,Yes,No,Cast,,2014
754,Male,Adult,,No,No,Cast,,2014
758,Male,Adult,,Yes,No,Cast,,2014
759,Female,Adult,2 yearlings,Yes,Yes,Active,,2014
760,Male,Subadult,,No,No,Removed,,2014
761,Male,Adult,,Yes,Yes,Active,,2014
762,Female,Adult,"1 cub, lost",Yes,Yes,Active,,2014
763,Male,Adult,,No,No,Cast,,2014
766,Male,Adult,,Yes,No,Missing,,2014
767,Female,Subadult,,Yes,No,Dead,,2014
768,Female,Adult,Not seen,Yes,No,Cast,,2014
769,Male,Subadult,,Yes,No,Cast,,2014
770,Female,Adult,"1 cub, lost",Yes,Yes,Active,,2014
771,Female,Adult,Not seen,No,No,Cast,,2014
772,Male,Adult,,No,Yes,Active,,2014
773,Female,Adult,None,No,Yes,Active,,2014
774,Male,Adult,,No,No,Cast,,2014
775,Male,Adult,,No,Yes,Active,,2014
776,Male,Adult,,No,Yes,Active,,2014
777,Male,Subadult,,No,Yes,Active,,2014
778,Male,Adult,,No,No,Cast,,2014
779,Female,Subadult,,No,Yes,Active,,2014
780,Male,Adult,,No,Yes,Active,,2014
781,Male,Adult,,No,No,Cast,,2014
782,Male,,,No,Yes,Active,,2014
783,Male,,,No,Yes,Active,,2014
784,Female,Adult,1 yearling,No,Yes,Active,,2014
785,Male,Adult,,No,Yes,Active,,2014
786,Female,Subadult,,No,Yes,Active,,2014
787,Male,Subadult,,No,Yes,Active,,2014
788,Male,Subadult,,No,Yes,Active,,2014
789,Male,Adult,,No,Yes,Active,,2014
790,Male,Subadult,,No,Yes,Active,,2014
791,Male,Subadult,,No,Yes,Active,,2014
792,Male,Adult,,No,Yes,Active,,2014
793,Female,Adult,3 cub,No,Yes,Active,,2014
794,Male,Adult,,No,Yes,Active,,2014
795,Male,Subadult,,No,Yes,Active,,2014
796,Male,Adult,,No,Yes,Active,,2014
797,Male,Adult,,No,Yes,Active,,2014
798,Male,Subadult,,No,Yes,Active,,2014
799,Female,Adult,2 yearlings,No,Yes,Active,,2014
800,Female,Subadult,,No,Yes,Active,,2014
801,Female,Subadult,,No,Yes,Active,,2014
155,Male,Adult,,Yes,Yes,Active,,2013
179,Female,Adult,3 COY,Yes,No,Cast,,2013
193,Female,Adult,None,No,Yes,Active,,2013
204,Male,Adult,,Yes,No,Cast,,2013
211,Male,Adult,,Yes,Yes,Active,,2013
219,Male,Adult,,No,No,Cast,,2013
227,Male,Adult,,Yes,Yes,Active,,2013
281,Male,Adult,,Yes,Yes,Active,,2013
373,Male,Adult,,Yes,No,Cast,,2013
379,Male,Adult,,No,Yes,Active,,2013
407,Male,Adult,,No,Yes,Active,,2013
416,Female,Adult,Not seen,Yes,No,Cast,,2013
423,Female,Adult,3 COY,Yes,Yes,Active,,2013
479,Male,Adult,,Yes,No,Cast,,2013
481,Female,Adult,2 COY,Yes,Yes,Active,,2013
499,Female,Adult,None,Yes,Yes,Active,,2013
526,Male,Adult,,Yes,No,Cast,,2013
533,Female,Adult,None,Yes,No,Killed,,2013
541,Female,Adult,2 COY,Yes,Yes,Active,,2013
547,Male,Adult,,No,No,Cast,,2013
566,Male,Adult,,No,No,Missing,,2013
574,Male,Adult,,Yes,No,Cast,,2013
578,Male,Adult,,No,Yes,Active,,2013
600,Male,Adult,,Yes,No,Cast,,2013
627,Female,Adult,2 yearlings,Yes,Yes,Active,,2013
637,Male,Adult,,No,No,Cast,,2013
648,Male,Adult,,Yes,No,Cast,,2013
653,Male,Adult,,Yes,Yes,Active,,2013
658,Female,Adult,Not seen,No,No,Cast,,2013
663,Female,Adult,None,Yes,No,Cast,,2013
671,Male,Adult,,Yes,No,Removed,,2013
672,Female,Adult,1 COY,Yes,Yes,Active,,2013
674,Male,Adult,,Yes,Yes,Active,,2013
678,Female,Adult,1 yearling,Yes,No,Cast,,2013
686,Female,Adult,Not seen,Yes,No,Cast,,2013
692,Female,Adult,Not seen,No,No,Cast,,2013
701,Male,Adult,,Yes,No,Cast,,2013
702,Female,Subadult,,Yes,No,Cast,,2013
703,Female,Adult,"3 2-year-olds, weaned",Yes,Yes,Active,,2013
706,Female,Adult,2 COY,Yes,Yes,Active,,2013
707,Female,Adult,Not seen,No,No,Cast,,2013
708,Female,Adult,"2 COY, lost all",Yes,No,Killed,,2013
711,Male,Adult,,Yes,No,Cast,,2013
713,Male,Subadult,,Yes,No,Cast,,2013
714,Female,Adult,None,Yes,No,Removed,,2013
715,Male,Adult,,Yes,Yes,Active,,2013
716,Female,Adult,None,Yes,No,Removed,,2013
717,Male,Adult,,Yes,No,Removed,,2013
718,Female,Adult,2 COY,Yes,Yes,Active,,2013
719,Male,Adult,,No,No,Cast,,2013
720,Female,Adult,"1 yearling, lost/ weaned",Yes,Yes,Active,,2013
721,Female,Adult,None,Yes,No,Cast,,2013
723,Male,Adult,,Yes,No,Cast,,2013
724,Female,Adult,2 COY,Yes,Yes,Active,,2013
725,Female,Adult,None,Yes,Yes,Active,,2013
727,Male,Adult,,Yes,No,Cast,,2013
728,Female,Subadult,,Yes,Yes,Active,,2013
729,Male,Adult,,Yes,No,Cast,,2013
730,Male,Adult,,Yes,Yes,Active,,2013
731,Male,Subadult,,No,No,Cast,,2013
732,Female,Adult,None,Yes,Yes,Active,,2013
733,Male,Adult,,No,No,missing,,2013
734,Female,Adult,1 COY,Yes,Yes,Active,,2013
735,Female,COY,,Yes,No,Cast,,2013
736,Male,Adult,,Yes,No,Cast,,2013
738,Male,Adult,,Yes,No,Cast,,2013
739,Female,Subadult,,Yes,No,Cast,,2013
740,Male,Adult,,No,No,Cast,,2013
741,Female,Subadult,,No,Yes,Active,,2013
742,Male,Subadult,,No,Yes,Active,,2013
743,Female,Adult,2 yearlings,No,Yes,Active,,2013
744,Male,Adult,,No,Yes,Active,,2013
745,Male,Subadult,,No,Yes,Active,,2013
746,Male,Adult,,No,Yes,Active,,2013
747,Female,Subadult,,No,No,Cast,,2013
748,Male,Subadult,,No,No,Dead,,2013
749,Female,Subadult,,No,No,Cast,,2013
750,Male,Adult,,No,Yes,Active,,2013
751,Male,Subadult,,No,No,Cast,,2013
752,Male,Subadult,,No,Yes,Active,,2013
753,Male,Subadult,,No,No,Cast,,2013
754,Male,Adult,,No,Yes,Active,,2013
755,Female,Subadult,,No,Yes,Active,,2013
756,Male,Adult,,No,No,Cast,,2013
757,Female,Subadult,,No,No,Cast,,2013
758,Male,Adult,,No,Yes,Active,,2013
759,Female,Adult,2 COY,No,Yes,Active,,2013
760,Male,Subadult,,No,No,Cast,,2013
761,Male,Adult,,No,Yes,Active,,2013
762,Female,Adult,None,No,Yes,Active,,2013
763,Male,Adult,,No,Yes,Active,,2013
764,Male,Adult,,No,No,Killed,,2013
765,Male,Adult,,No,No,Cast,,2013
766,Male,Adult,,No,Yes,Active,,2013
767,Female,Subadult,,No,Yes,Active,,2013
768,Female,Adult,None,No,Yes,Active,,2013
769,Male,Subadult,,No,Yes,Active,,2013
770,Female,Adult,None,No,Yes,Active,,2013
771,Female,Subadult,,No,Yes,Active,,2013
155,Male,Adult,,Yes,Yes,active,,2012
179,Female,Adult,None,No,Yes,active,,2012
204,Male,Adult,,Yes,Yes,active,,2012
211,Male,Adult,,Yes,Yes,active,,2012
227,Male,Adult,,No,Yes,active,,2012
281,Male,Adult,,Yes,Yes,active,,2012
315,Female,Adult,"3 COY, lost all",No,No,removed,,2012
321,Female,Adult,1 2-year-old (in den),Yes,No,dead,,2012
332,Female,Adult,2 COY,Yes,No,Cast,,2012
337,Female,Adult,Not seen,No,No,Cast,,2012
373,Male,Adult,,No,Yes,active,,2012
394,Male,Adult,,Yes,No,Cast,,2012
400,Male,Adult,,Yes,No,Cast,,2012
416,Female,Adult,"3 COY, lost all",Yes,Yes,active,,2012
423,Female,Adult,None,Yes,Yes,active,,2012
448,Female,Adult,3 COY,Yes,No,Cast,,2012
465,Male,Adult,,Yes,No,Cast,,2012
481,Female,Adult,None,Yes,Yes,active,,2012
499,Female,Adult,None,No,Yes,active,,2012
515,Male,Adult,,No,No,dead,,2012
517,Female,Adult,"2 2-year-olds, weaned",Yes,No,Cast,,2012
519,Male,Adult,,No,No,Cast,,2012
524,Male,Adult,,Yes,No,Cast,,2012
526,Male,Adult,,No,Yes,active,,2012
533,Female,Adult,None,No,Yes,active,,2012
541,Female,Adult,None,Yes,Yes,active,,2012
552,Male,Adult,,Yes,No,Cast,,2012
556,Male,Adult,,No,Yes,active,,2012
566,Male,Adult,,Yes,No,Cast,,2012
574,Male,Adult,,No,Yes,active,,2012
593,Male,Adult,,Yes,No,Cast,,2012
600,Male,Adult,,No,Yes,active,,2012
611,Male,Adult,,No,No,Cast,,2012
623,Male,Adult,,Yes,No,Cast,,2012
627,Female,Adult,"3 COY, lost 1",Yes,Yes,active,,2012
642,Male,Adult,,No,Yes,missing,,2012
645,Female,Adult,3 COY,Yes,No,Cast,,2012
648,Male,Adult,,No,Yes,active,,2012
653,Male,Subadult,,No,Yes,active,,2012
658,Female,Adult,None,Yes,Yes,active,,2012
659,Male,Adult,,Yes,No,Cast,,2012
661,Female,Adult,1 yearling,Yes,No,Cast,,2012
662,Female,Adult,"2 coy, lost all",Yes,No,dead,,2012
663,Female,Adult,"2 COY, lost both",Yes,Yes,active,,2012
671,Male,Adult,,Yes,Yes,active,,2012
672,Female,Subadult,,Yes,Yes,active,,2012
673,Male,Adult,,Yes,No,Cast,,2012
674,Male,Adult,,No,Yes,active,,2012
676,Female,Subadult,,Yes,No,Cast,,2012
677,Male,Adult,,Yes,No,Cast,,2012
678,Female,Adult,2 COY,Yes,Yes,active,,2012
679,Male,Adult,,Yes,No,Cast,,2012
680,Female,Subadult,,Yes,No,Cast,,2012
681,Male,Adult,,Yes,No,Cast,,2012
682,Male,Subadult,,Yes,No,removed,,2012
683,Male,Adult,,Yes,No,Cast,,2012
684,Male,Adult,,Yes,No,Cast,,2012
685,Male,Adult,,Yes,No,Cast,,2012
686,Female,Adult,None,Yes,Yes,active,,2012
687,Male,Adult,,Yes,No,Cast,,2012
688,Male,Subadult,,Yes,No,Cast,,2012
689,Male,Subadult,,Yes,No,dead,,2012
690,Female,Subadult,,Yes,No,removed,,2012
691,Male,Subadult,,Yes,No,Cast,,2012
692,Female,Subadult,,Yes,Yes,active,,2012
693,Female,Adult,"2 COY, lost all",Yes,No,dead,,2012
694,Female,Subadult,,Yes,No,Cast,,2012
695,Male,Adult,,Yes,No,Cast,,2012
696,Male,Adult,,No,No,killed,,2012
697,Male,Adult,,No,No,Cast,,2012
698,Male,Adult,,No,No,Cast,,2012
699,Male,Adult,,No,No,Cast,,2012
700,Male,Adult,,No,No,Cast,,2012
701,Male,Adult,,No,Yes,active,,2012
702,Female,Subadult,,No,Yes,active,,2012
703,Female,Adult,3 yearlings,No,Yes,active,,2012
704,Male,Subadult,,No,No,Cast,,2012
705,Male,Subadult,,No,No,Cast,,2012
706,Female,Adult,None,No,Yes,active,,2012
707,Female,Adult,2 COY,No,Yes,active,,2012
708,Female,Adult,None,No,Yes,active,,2012
709,Male,Adult,,No,Yes,active,,2012
710,Male,Subadult,,No,No,Cast,,2012
711,Male,Adult,,No,Yes,active,,2012
712,Male,Adult,,No,No,Cast,,2012
713,Male,Subadult,,No,Yes,active,,2012
714,Female,Adult,2 yearlings,No,Yes,active,,2012
715,Male,Adult,,No,Yes,missing,,2012
716,Female,Adult,None,No,Yes,active,,2012
717,Male,Subadult,,No,Yes,active,,2012
718,Female,Adult,None,No,Yes,active,,2012
719,Male,Adult,,No,Yes,missing,,2012
720,Female,Adult,1 COY,No,Yes,active,,2012
721,Female,Adult,None,No,Yes,active,,2012
722,Male,Adult,,No,No,killed,,2012
723,Male,Adult,,No,Yes,active,,2012
724,Female,Adult,None,No,Yes,active,,2012
725,Female,Adult,2 yearlings,No,Yes,active,,2012
726,Male,Adult,,No,No,killed,,2012
727,Male,Adult,,No,Yes,active,,2012
728,Female,Subadult,,No,Yes,active,,2012
729,Male,Adult,,No,Yes,active,,2012
730,Male,Adult,,No,Yes,active,,2012
731,Male,Subadult,,No,Yes,active,,2012
732,Female,Adult,None,No,Yes,active,,2012
733,Male,Subadult,,No,Yes,active,,2012
734,Female,Adult,None,No,Yes,active,,2012
735,Female,COY,,No,Yes,active,,2012
736,Male,Adult,,No,Yes,active,,2012
737,Male,Subadult,,No,No,Cast,,2012
738,Male,Adult,,No,Yes,active,,2012
739,Female,Subadult,,No,Yes,active,,2012
155,Male,Adult,,No,Yes,Active,,2011
204,Male,Adult,,No,Yes,Active,,2011
211,Male,Adult,,No,Yes,Active,,2011
227,Male,Adult,,Yes,No,Cast,,2011
281,Male,Adult,,No,Yes,Active,,2011
315,Female,Adult,Not seen,Yes,No,Cast,,2011
321,Female,Adult,1 yearling,No,Yes,Active,,2011
323,Male,Adult,,Yes,No,Cast,,2011
332,Female,Adult,None,Yes,Yes,Active,,2011
337,Female,Adult,3 COY,Yes,Yes,Active,,2011
360,Female,Adult,None,No,No,Cast,,2011
394,Male,Adult,,No,Yes,Active,,2011
400,Male,Adult,,Yes,Yes,Active,,2011
416,Female,Adult,None,No,Yes,Active,,2011
423,Female,Adult,None,No,Yes,Active,,2011
448,Female,Adult,None,Yes,Yes,Active,,2011
465,Male,Adult,,No,Yes,Active,,2011
481,Female,Adult,None,Yes,Yes,Active,,2011
493,Male,Adult,,No,No,Cast,,2011
515,Male,Adult,,No,Yes,Active,,2011
517,Female,Adult,None,Yes,Yes,Active,,2011
524,Male,Adult,,No,Yes,Active,,2011
526,Male,Adult,,Yes,No,Cast,,2011
533,Female,Adult,Not seen,Yes,No,Cast,,2011
541,Female,Adult,None,No,Yes,Active,,2011
552,Male,Adult,,No,Yes,Active,,2011
556,Male,Adult,,Yes,No,Cast,,2011
566,Male,Adult,,Yes,Yes,Active,,2011
586,Male,Adult,,No,No,Cast,,2011
587,Male,Adult,,Yes,No,Cast,,2011
589,Male,Adult,,Yes,No,Cast,,2011
593,Male,Adult,,No,Yes,Active,,2011
594,Male,Adult,,Yes,No,Cast,,2011
611,Male,Adult,,No,Yes,Active,,2011
613,Female,Adult,Not seen,No,No,Cast,,2011
618,Male,Adult,,Yes,No,Cast,,2011
620,Female,Adult,2 yearlings,Yes,No,Cast,,2011
622,Male,Adult,,Yes,No,Cast,,2011
623,Male,Adult,,No,Yes,Active,,2011
627,Female,Adult,2 2-year-olds,Yes,Yes,Active,,2011
628,Female,Adult,None,Yes,No,Removed,,2011
630,Male,Adult,,Yes,No,Cast,,2011
631,Female,Adult,Not seen,Yes,No,Missing,,2011
636,Male,Adult,,Yes,No,Cast,,2011
643,Male,Adult,,Yes,No,Cast,,2011
644,Male,Adult,,Yes,No,Cast,,2011
645,Female,Adult,None,Yes,Yes,Active,,2011
647,Male,Subadult,,Yes,No,Cast,,2011
648,Male,Adult,,Yes,No,Cast,,2011
650,Female,Adult,Not seen,Yes,No,Cast,,2011
653,Male,Subadult,,Yes,No,Cast,,2011
655,Male,Subadult,,Yes,No,Cast,,2011
656,Male,Subadult,,Yes,No,Cast,,2011
657,Male,Subadult,,Yes,No,Cast,,2011
658,Female,Adult,2 COY,Yes,Yes,Active,,2011
659,Male,Adult,,Yes,Yes,Active,,2011
661,Female,Adult,1 COY,Yes,Yes,Active,,2011
662,Female,Adult,None,Yes,Yes,Active,,2011
663,Female,Adult,None,Yes,Yes,Active,,2011
664,Male,Adult,,Yes,No,Cast,,2011
665,Female,Adult,None,Yes,No,Cast,,2011
666,Female,Adult,None,Yes,No,Removed,,2011
667,Female,Adult,Not seen,Yes,No,Cast,,2011
668,Male,Adult,,No,No,Cast,,2011
669,Male,Subadult,,No,No,Cast,,2011
670,Male,Adult,,No,No,Cast,,2011
671,Male,Adult,,No,No,Missing,,2011
672,Female,Subadult,,No,Yes,Active,,2011
673,Male,Adult,,No,Yes,Active,,2011
674,Male,Adult,,No,No,Cast,,2011
675,Male,Adult,,No,No,Cast,,2011
676,Female,Subadult,,No,Yes,Active,,2011
677,Male,Adult,,No,Yes,Active,,2011
678,Female,Adult,None,No,Yes,Active,,2011
679,Male,Adult,,No,No,Missing,,2011
680,Female,Subadult,,No,Yes,Active,,2011
681,Male,Adult,,No,Yes,Active,,2011
682,Male,Subadult,,No,Yes,Active,,2011
683,Male,Adult,,No,Yes,Active,,2011
684,Male,Adult,,No,Yes,Active,,2011
685,Male,Adult,,No,Yes,Active,,2011
686,Female,Adult,None,No,Yes,Active,,2011
687,Male,Adult,,No,Yes,Active,,2011
688,Male,Subadult,,No,Yes,Active,,2011
689,Male,Subadult,,No,Yes,Active,,2011
690,Female,Subadult,,No,Yes,Active,,2011
691,Male,Subadult,,No,No,Missing,,2011
692,Female,Subadult,,No,Yes,Active,,2011
693,Female,Adult,,No,Yes,Active,,2011
694,Female,Subadult,,No,Yes,Active,,2011
695,Male,Subadult,,No,Yes,Active,,2011
696,Male,Adult,,No,No,Missing,,2011
227,Male,Adult,,Yes,Yes,Active,,2010
260,Male,Adult,,Yes,No,Cast,,2010
279,Female,Adult,2 yearlings,Yes,No,Cast,,2010
289,Female,Adult,None,Yes,No,Cast,,2010
302,Male,Adult,,Yes,No,Dead,,2010
315,Female,Adult,3 yearlings,No,Yes,Active,,2010
323,Male,Adult,,No,Yes,Active,,2010
332,Female,Adult,None,No,Yes,Active,,2010
333,Male,Adult,,Yes,No,Cast,,2010
337,Female,Adult,None,No,Yes,Active,,2010
338,Male,Adult,,No,No,Cast,,2010
360,Female,Adult,2 yearlings,Yes,No,Cast,,2010
400,Male,Adult,,No,No,Missing,,2010
448,Female,Adult,"1 COY, lost",Yes,Yes,Active,,2010
481,Female,Adult,None,No,Yes,Active,,2010
493,Male,Adult,,No,Yes,Active,,2010
506,Male,Adult,,No,No,Cast,,2010
515,Male,Adult,,Yes,No,Cast,,2010
517,Female,Adult,2 COY,No,Yes,Active,,2010
525,Female,Adult,None,Yes,No,Dead,,2010
526,Male,Adult,,Yes,Yes,Active,,2010
533,Female,Adult,2 yearlings,Yes,Yes,Active,,2010
550,Male,Adult,,No,No,Cast,,2010
556,Male,Adult,,No,Yes,Active,,2010
558,Female,Adult,None,No,Yes,Active,,2010
566,Male,Adult,,No,Yes,Active,,2010
569,Female,Adult,None (after collar cast),Yes,No,Cast,,2010
570,Male,Adult,,Yes,No,Cast,,2010
577,Female,Adult,None,Yes,No,Dead,,2010
584,Male,Adult,,Yes,No,Cast,,2010
587,Male,Subadult,,No,Yes,Active,,2010
589,Male,Adult,,No,Yes,Active,,2010
590,Female,Adult,Not seen,Yes,No,Cast,,2010
592,Male,Adult,,Yes,No,Cast,,2010
594,Male,Subadult,,No,Yes,Active,,2010
605,Female,Adult,None,Yes,No,Cast,,2010
610,Female,Subadult,,Yes,No,Cast,,2010
611,Male,Adult,,Yes,No,Cast,,2010
613,Female,Adult,2 COY,Yes,Yes,Active,,2010
617,Male,Subadult,,Yes,No,Cast,,2010
618,Male,Subadult,,Yes,Yes,Active,,2010
619,Male,Subadult,,Yes,No,Cast,,2010
620,Female,Adult,2 COY,Yes,Yes,Active,,2010
622,Male,Subadult,,Yes,Yes,Active,,2010
626,Female,Adult,None,Yes,No,Cast,,2010
627,Female,Adult,3 yearlings,Yes,Yes,Active,,2010
628,Female,Adult,None,Yes,Yes,Active,,2010
630,Male,Adult,,Yes,Yes,Active,,2010
631,Female,Adult,Not seen,Yes,No,Missing,,2010
632,Male,Adult,,Yes,No,Cast,,2010
633,Male,Adult,,Yes,No,Cast,,2010
634,Male,Adult,,No,No,Cast,,2010
635,Male,Adult,,No,No,Cast,,2010
636,Male,Adult,,No,Yes,Active,,2010
637,Male,Adult,,No,No,Cast,,2010
638,Male,Adult,,No,No,Cast,,2010
639,Male,Adult,,No,No,Cast,,2010
640,Male,Adult,,No,No,Cast,,2010
641,Male,Adult,,No,No,Cast,,2010
642,Male,Subadult,,No,No,Cast,,2010
643,Male,Adult,,No,Yes,Active,,2010
644,Male,Adult,,No,Yes,Active,,2010
645,Female,Adult,None,No,Yes,Active,,2010
646,Male,Adult,,No,No,Removed,,2010
647,Male,Subadult,,No,Yes,Active,,2010
648,Male,Adult,,No,Yes,Active,,2010
649,Male,Adult,,No,No,Cast,,2010
650,Female,Adult,None,No,Yes,Active,,2010
651,Male,Adult,,No,No,Cast,,2010
652,Male,Subadult,,No,No,Dead,,2010
653,Male,Subadult,,No,Yes,Active,,2010
654,Female,Adult,None,No,No,Cast,,2010
655,Male,Subadult,,No,Yes,Active,,2010
656,Male,Subadult,,No,Yes,Active,,2010
657,Male,Subadult,,No,Yes,Active,,2010
658,Female,Adult,None,No,Yes,Active,,2010
659,Male,Adult,,No,Yes,Active,,2010
660,Female,Adult,2 yearlings,No,No,Missing,,2010
661,Female,Adult,None,No,Yes,Active,,2010
662,Female,Adult,"2 young, lost both",No,Yes,Active,,2010
663,Female,Adult,None,No,Yes,Active,,2010
664,Male,Adult,,No,Yes,Active,,2010
665,Female,Adult,2 COY,No,Yes,Active,,2010
666,Female,Adult,None,No,Yes,Active,,2010
667,Female,Adult,None,No,Yes,Active,,2010
179,Female,Adult,2 yearlings,Yes,No,Cast,,2009
201,Male,Adult,,No,No,Cast,,2009
204,Male,Adult,,Yes,No,Cast,,2009
211,Male,Adult,,Yes,No,Cast,,2009
227,Male,Adult,,No,Yes,active,,2009
246,Female,Adult,not seen,Yes,No,Cast,,2009
260,Male,Adult,,No,Yes,active,,2009
279,Female,Adult,"4 COY, lost 1",Yes,Yes,active,,2009
289,Female,Adult,"1 yearling, lost",Yes,Yes,active,,2009
295,Female,Adult,not seen,No,No,Cast,,2009
302,Male,Adult,,Yes,Yes,active,,2009
333,Male,Adult,,No,Yes,active,,2009
338,Male,Adult,,No,No,Cast,,2009
360,Female,Adult,2 COY,Yes,Yes,active,,2009
363,Male,Adult,,Yes,No,Cast,,2009
373,Male,Adult,,Yes,No,Cast,,2009
400,Male,Adult,,Yes,No,Cast,,2009
434,Male,Adult,,No,Yes,active,,2009
443,Male,Adult,,Yes,No,Cast,,2009
448,Female,Adult,None,Yes,Yes,active,,2009
450,Male,Adult,,Yes,Yes,active,,2009
481,Female,Adult,None,No,No,Cast,,2009
492,Female,Adult,None,Yes,No,Cast,,2009
499,Female,Adult,2 COY,Yes,No,Cast,,2009
500,Female,Adult,2 yearlings,Yes,No,Cast,,2009
514,Male,Adult,,No,No,Cast,,2009
515,Male,Adult,,No,Yes,active,,2009
520,Male,Adult,,Yes,No,Cast,,2009
525,Female,Adult,None,Yes,Yes,active,,2009
526,Male,Adult,,No,Yes,active,,2009
531,Female,Adult,None,Yes,No,Cast,,2009
532,Male,Adult,,Yes,No,Cast,,2009
533,Female,Adult,3 COY,Yes,Yes,active,,2009
537,Female,Adult,3 COY,Yes,Yes,active,,2009
541,Female,Adult,None,Yes,No,Cast,,2009
547,Male,Adult,,No,No,Cast,,2009
551,Female,Adult,None,Yes,No,Cast,,2009
553,Male,Adult,,No,No,Cast,,2009
554,Female,Subadult,,Yes,No,killed,,2009
556,Male,Adult,,Yes,Yes,active,,2009
565,Male,Adult,,Yes,No,Cast,,2009
567,Male,Adult,,Yes,No,Cast,,2009
568,Male,Adult,,No,No,unresolved,,2009
569,Female,Adult,2 COY,Yes,Yes,active,,2009
570,Male,Adult,,No,Yes,active,,2009
574,Male,Adult,,Yes,No,unresolved,,2009
576,Female,Adult,"2 COY, lost 1",Yes,No,Cast,,2009
577,Female,Adult,None,Yes,Yes,active,,2009
584,Male,Adult,,Yes,Yes,active,,2009
589,Male,Adult,,Yes,No,Cast,,2009
590,Female,Subadult,,Yes,Yes,active,,2009
591,Female,Subadult,,Yes,No,Cast,,2009
592,Male,Adult,,Yes,Yes,active,,2009
593,Male,Subadult,,Yes,No,Cast,,2009
594,Male,Subadult,,Yes,No,Cast,,2009
596,Female,Adult,None,Yes,No,removed,,2009
599,Male,Adult,,Yes,Yes,active,,2009
600,Male,Subadult,,Yes,No,Cast,,2009
601,Female,Subadult,,Yes,No,Battery,,2009
602,Female,Subadult,,Yes,No,Battery,,2009
603,Male,Adult,,No,No,Cast,,2009
604,Male,Adult,,No,Yes,active,,2009
605,Female,Subadult,,No,Yes,active,,2009
606,Male,Adult,,No,No,unresolved,,2009
607,Male,Adult,,No,No,Cast,,2009
608,Male,Adult,,No,No,Cast,,2009
609,Male,Subadult,,No,No,Cast,,2009
610,Female,Adult,,No,Yes,active,,2009
611,Male,Adult,,No,Yes,active,,2009
612,Female,Adult,None,No,No,Cast,,2009
613,Female,Adult,None,No,No,missing,,2009
614,Female,Adult,None,No,No,Cast,,2009
615,Female,Subadult,,No,No,dead,,2009
616,Female,Adult,None,No,No,Cast,,2009
617,Male,Subadult,,No,Yes,active,,2009
618,Male,Subadult,,No,Yes,active,,2009
619,Male,Subadult,,No,Yes,active,,2009
620,Female,Adult,None,No,Yes,active,,2009
621,Male,Adult,,No,No,dead,,2009
622,Male,Subadult,,No,Yes,active,,2009
623,Male,Subadult,,No,Yes,active,,2009
624,Male,Adult,,No,Yes,active,,2009
625,Male,Adult,,No,Yes,active,,2009
626,Female,Adult,1 yearling,No,Yes,active,,2009
627,Female,Adult,3 COY,No,Yes,active,,2009
628,Female,Subadult,,No,Yes,active,,2009
629,Male,Adult,,No,No,dead,,2009
630,Male,Adult,,No,Yes,active,,2009
631,Female,Subadult,,No,Yes,active,,2009
632,Male,Adult,,No,Yes,active,,2009
633,Male,Adult,,No,Yes,active,,2009
149,Female,Adult,None,No,No,Dead,,2008
179,Female,Adult,2 COY,Yes,Yes,Active,,2008
204,Male,Adult,,Yes,Yes,Active,,2008
205,Female,Adult,1 2-year-old,Yes,Yes,Active,,2008
211,Male,Adult,,No,Yes,Active,,2008
246,Female,Adult,3 yearlings,Yes,Yes,Active,,2008
279,Female,Adult,None,No,Yes,Active,,2008
289,Female,Adult,"2 COY, lost 1",Yes,Yes,Active,,2008
295,Female,Adult,3 COY,Yes,Yes,Active,,2008
302,Male,Adult,,No,Yes,Active,,2008
360,Female,Adult,None,No,Yes,Active,,2008
363,Male,Adult,,No,Yes,Active,,2008
373,Male,Adult,,Yes,Yes,Active,,2008
379,Male,Adult,,Yes,Yes,Active,,2008
400,Male,Adult,,No,Yes,Active,,2008
407,Male,Adult,,Yes,No,Cast,,2008
428,Female,Adult,Not seen,Yes,No,Battery,,2008
434,Male,Adult,,No,No,Cast,,2008
439,Female,Adult,2 COY,Yes,No,Cast,,2008
443,Male,Adult,,No,Yes,Active,,2008
448,Female,Adult,None,No,Yes,Active,,2008
450,Male,Adult,,No,Yes,Active,,2008
458,Female,Adult,2 yearlings,No,No,Removed,,2008
459,Male,Adult,,Yes,No,Cast,,2008
472,Female,Adult,1 2-year-old,Yes,No,Cast,,2008
487,Male,Adult,,No,No,Cast,,2008
489,Female,Adult,3 yearlings,Yes,No,Cast,,2008
492,Female,Subadult,,Yes,Yes,Active,,2008
497,Female,Adult,None,No,No,Cast,,2008
499,Female,Adult,None,Yes,Yes,Active,,2008
500,Female,Adult,2 COY,Yes,Yes,Active,,2008
503,Female,Adult,Not seen,Yes,No,Cast,,2008
514,Male,Adult,,No,Yes,Active,,2008
520,Male,Adult,,No,Yes,Active,,2008
525,Female,Adult,"2 yearlings, both killed",No,Yes,Active,,2008
526,Male,Subadult,,Yes,No,Cast,,2008
529,Male,Subadult,,Yes,No,Cast,,2008
530,Female,Adult,Not seen,Yes,No,Cast,,2008
531,Female,Adult,None,Yes,Yes,Active,,2008
532,Male,Adult,,Yes,Yes,Active,,2008
533,Female,Adult,3 3-year-olds,Yes,Yes,Active,,2008
537,Female,Adult,None,Yes,Yes,Active,,2008
541,Female,Adult,None,Yes,Yes,Active,,2008
547,Male,Adult,,Yes,No,Cast,,2008
550,Male,Adult,,Yes,No,Cast,,2008
551,Female,Adult,Not seen,Yes,Yes,Active,,2008
554,Female,Subadult,,Yes,Yes,Active,,2008
556,Male,Adult,,Yes,Yes,Active,,2008
559,Female,Adult,1 2-year-old,Yes,No,Cast,,2008
560,Female,Subadult,,Yes,No,Unresolved,,2008
561,Female,Subadult,,Yes,No,Dead,,2008
562,Male,Adult,,Yes,No,Dead,,2008
563,Male,Adult,,Yes,No,Dead,,2008
565,Male,Subadult,,Yes,Yes,Active,,2008
566,Male,Subadult,,Yes,No,Cast,,2008
567,Male,Adult,,Yes,Yes,Active,,2008
569,Female,Adult,Not seen,Yes,Yes,Active,,2008
570,Male,Adult,,Yes,No,Cast,,2008
573,Male,Adult,,Yes,No,Cast,,2008
574,Male,Adult,,Yes,Yes,Active,,2008
576,Female,Adult,None,Yes,Yes,Active,,2008
577,Female,Adult,None,Yes,Yes,Active,,2008
578,Male,Subadult,,Yes,No,Cast,,2008
579,Male,Subadult,,No,No,Cast,,2008
580,Male,Adult,,No,No,Missing,,2008
581,Male,Adult,,No,Yes,Active,,2008
582,Male,Subadult,,No,No,Removed,,2008
583,Male,Subadult,,No,No,Dead,,2008
584,Male,Subadult,,No,Yes,Active,,2008
585,Male,Adult,,No,No,Dead,,2008
586,Male,Subadult,,No,No,Cast,,2008
587,Male,Subadult,,No,No,Cast,,2008
588,Male,Subadult,,No,Yes,Active,,2008
589,Male,Adult,,No,Yes,Active,,2008
590,Female,Subadult,,No,Yes,Active,,2008
591,Female,Subadult,,No,Yes,Active,,2008
592,Male,Adult,,No,Yes,Active,,2008
593,Male,Subadult,,No,Yes,Active,,2008
594,Male,Subadult,,No,Yes,Active,,2008
595,Male,Subadult,,No,No,Dead,,2008
596,Female,Adult,3 yearlings,No,Yes,Active,,2008
597,Female,Yearling,,No,No,Missing,,2008
598,Male,Yearling,,No,No,Dead,,2008
599,Male,Adult,,No,Yes,Active,,2008
600,Male,Yearling,,No,Yes,Active,,2008
601,Female,Yearling,,No,Yes,Active,,2008
602,Female,Yearling,,No,Yes,Active,,2008
125,Female,Adult,"3 COY, lost 2",Yes,No,Cast,,2007
179,Female,Adult,2 youngc,No,Yes,Active,,2007
205,Female,Adult,"3 yearlings, lost 1",Yes,Yes,Active,,2007
239,Male,Adult,Yes,Yes,No,Cast,,2007
287,Male,Adult,Yes,Yes,No,Cast,,2007
289,Female,Adult,None,No,Yes,Active,,2007
295,Female,Adult,None,No,Yes,Active,,2007
323,Male,Adult,,No,No,Cast,,2007
338,Male,Adult,,Yes,No,Cast,,2007
363,Male,Adult,,Yes,No,Cast,,2007
365,Female,Adult,3 yearlings,Yes,Yes,Active,,2007
373,Male,Adult,,No,Yes,Active,,2007
379,Male,Adult,,No,Yes,Active,,2007
407,Male,Adult,,Yes,Yes,Active,,2007
415,Male,Adult,,Yes,No,Cast,,2007
428,Female,Adult,1 yearling,Yes,Yes,Active,,2007
439,Female,Adult,1 yearling,Yes,Yes,Active,,2007
448,Female,Adult,None,Yes,No,Cast,,2007
459,Male,Adult,,Yes,Yes,Active,,2007
465,Male,Adult,,Yes,No,Cast,,2007
472,Female,Adult,1 yearling,Yes,Yes,Active,,2007
476,Female,Adult,1 yearling,Yes,No,Unresolved,,2007
478,Female,Adult,"2 COY, lost all",Yes,No,Cast,,2007
482,Female,Adult,3 COY,Yes,Yes,Active,,2007
489,Female,Adult,3 COY,Yes,Yes,Active,,2007
492,Female,Subadult,,No,Yes,Active,,2007
495,Female,Adult,2 COY,Yes,No,Unexplained Loss,,2007
497,Female,Adult,Not seen,Yes,No,Missing,,2007
499,Female,Adult,None,Yes,Yes,Active,,2007
500,Female,Adult,None,Yes,Yes,Active,,2007
501,Female,Adult,1 yearling,Yes,No,Cast,,2007
503,Female,Adult,2 yearlings,Yes,Yes,Active,,2007
505,Female,Adult,"2 COY, lost 1",Yes,No,Died,,2007
507,Female,Subadult,,No,Yes,Active,,2007
509,Female,Adult,,Yes,No,Died,,2007
517,Female,Adult,2 yearlings,Yes,No,Missing,,2007
525,Female,Adult,2 COY,Yes,Yes,Active,,2007
526,Male,Subadult,,No,Yes,Active,,2007
529,Male,Subadult,,Yes,Yes,Active,,2007
530,Female,Adult,Not seen,Yes,Yes,Active,,2007
531,Female,Adult,None,Yes,Yes,Active,,2007
532,Male,Adult,,No,Yes,Active,,2007
533,Female,Adult,3 2-year-olds,Yes,Yes,Active,,2007
534,Male,Subadult,,Yes,No,Cast,,2007
537,Female,Subadult,,Yes,Yes,Active,,2007
538,Male,Adult,,Yes,No,Cast,,2007
539,Female,Subadult,,Yes,No,Removed,,2007
541,Female,Adult,None,Yes,Yes,Active,,2007
542,Male,Adult,,Yes,No,Cast,,2007
543,Male,Adult,,Yes,No,Cast,,2007
544,Male,Subadult,,Yes,No,Unresolved,,2007
545,Male,Adult,,No,No,Cast,,2007
546,Male,Adult,,No,No,Cast,,2007
547,Male,Subadult,,No,Yes,Active,,2007
548,Male,Adult,,No,No,Cast,,2007
549,Male,Adult,,No,No,Cast,,2007
550,Male,Subadult,,No,Yes,Active,,2007
551,Female,Adult,None,No,Yes,Active,,2007
552,Male,Adult,,No,No,Cast,,2007
553,Male,Adult,,No,No,Cast,,2007
554,Female,Subadult,,No,Yes,Active,,2007
555,Female,Adult,2 COY,No,No,Cast,,2007
556,Male,Subadult,,No,No,Active,,2007
557,Male,Adult,,No,No,Cast,,2007
558,Female,Subadult,,No,Yes,Active,,2007
559,Female,Adult,1 yearling,No,Yes,Active,,2007
560,Female,Subadult,,No,Yes,Active,,2007
561,Female,Subadult,,No,Yes,Active,,2007
562,Male,Adult,,No,Yes,Active,,2007
563,Male,Adult,,No,Yes,Active,,2007
564,Male,Adult,,No,No,Died,,2007
565,Male,Adult,,No,Yes,Active,,2007
566,Male,Subadult,,No,Yes,Active,,2007
567,Male,Adult,,No,Yes,Active,,2007
568,Male,Adult,,No,No,Unresolved,,2007
569,Female,Adult,None,No,Yes,Active,,2007
570,Male,Adult,,No,Yes,Active,,2007
571,Male,Adult,,No,No,Died,,2007
572,Female,Adult,None,No,No,Cast,,2007
573,Male,Adult,,No,Yes,Active,,2007
574,Male,Subadult,,No,Yes,Active,,2007
575,Male,Adult,,No,Yes,Active,,2007
576,Female,Adult,1 young,No,Yes,Active,,2007
577,Female,Adult,None at capture,No,Yes,Active,,2007
578,Male,Subadult,,No,Yes,Active,,2007
579,Male,Subadult,,No,Yes,Active,,2007
125,Female,Adult,None,No,Yes,Active,,2006
205,Female,Adult,None,No,Yes,Active,,2006
214,Female,Adult,Not seen,Yes,No,Failed battery,,2006
227,Male,Adult,,Yes,No,Cast,,2006
239,Male,Adult,,No,Yes,Active,,2006
287,Male,Adult,,Yes,Yes,Active,,2006
304,Male,Adult,,No,No,Cast,,2006
315,Female,Adult,2 COY,Yes,No,Cast,,2006
321,Female,Adult,None,Yes,No,Cast,,2006
338,Male,Adult,,No,Yes,Active,,2006
349,Female,Adult,"3 coy, lost 2",Yes,No,Cast,,2006
356,Male,Adult,,No,Yes,Active,,2006
363,Male,Adult,,No,Yes,Active,,2006
365,Female,Adult,Not seen,Yes,Yes,Active,,2006
373,Male,Adult,,Yes,No,Cast,,2006
389,Male,Adult,,No,No,Dead,,2006
399,Female,Adult,3 COY,Yes,No,Cast,,2006
402,Female,Adult,Not seen,No,No,Failed battery,,2006
407,Male,Adult,,No,Yes,Active,,2006
412,Female,Adult,Not seen,Yes,No,Cast,,2006
415,Male,Adult,,No,Yes,Active,,2006
419,Male,Subadult,,Yes,No,Cast,,2006
423,Female,Adult,Not seen,Yes,No,Cast,,2006
428,Female,Adult,1 COY,Yes,Yes,Active,,2006
433,Male,Adult,,Yes,No,Cast,,2006
439,Female,Adult,"3 coy, lost 1",Yes,Yes,Active,,2006
448,Female,Subadult,,Yes,Yes,Active,,2006
452,Male,Adult,,Yes,No,Cast,,2006
459,Male,Adult,,No,Yes,Active,,2006
460,Male,Subadult,,Yes,No,Cast,,2006
465,Male,Adult,,Yes,Yes,Active,,2006
472,Female,Adult,2 COY,No,Yes,Active,,2006
474,Female,Adult,None,Yes,No,Cast,,2006
475,Male,Adult,,Yes,No,Cast,,2006
476,Female,Adult,1 COY,Yes,Yes,Active,,2006
477,Male,Adult,,Yes,No,Cast,,2006
478,Female,Adult,None,Yes,Yes,Active,,2006
480,Male,Adult,,Yes,No,Cast,,2006
481,Female,Subadult,,Yes,No,Cast,,2006
482,Female,Adult,None,Yes,Yes,Active,,2006
485,Female,Adult,"1 2-year-old, weaned",Yes,No,Cast,,2006
486,Female,Adult,Not seen,Yes,No,Cast,,2006
489,Female,Adult,None,Yes,Yes,Active,,2006
494,Male,Subadult,,Yes,No,Cast/Dead,,2006
495,Female,Subadult,,Yes,Yes,Active,,2006
496,Male,Adult,,Yes,No,Cast,,2006
497,Female,Subadult,,Yes,Yes,Active,,2006
498,Male,Adult,,Yes,No,Cast,,2006
499,Female,Adult,Not seen,Yes,Yes,Active,,2006
500,Female,Adult,None,Yes,Yes,Active,,2006
501,Female,Adult,2 COY,Yes,Yes,Active,,2006
502,Female,Subadult,,Yes,No,Cast,,2006
503,Female,Adult,2 COY,Yes,Yes,Active,,2006
504,Male,Adult,,Yes,No,Cast,,2006
505,Female,Adult,None,Yes,Yes,Active,,2006
506,Male,Adult,,Yes,No,Cast,,2006
507,Female,Subadult,,Yes,No,Cast,,2006
509,Female,Adult,None,Yes,Yes,Active,,2006
510,Female,Subadult,,No,No,Failed transmitter,,2006
512,Male,Adult,,Yes,No,Failed transmitter,,2006
513,Male,Adult,,Yes,No,Cast,,2006
514,Male,Adult,,Yes,No,Cast,,2006
515,Male,Adult,,Yes,No,Failed transmitter/Cast,,2006
516,Male,Adult,,Yes,No,Cast,,2006
517,Female,Adult,Not seen,Yes,Yes,Active,,2006
518,Female,Subadult,,Yes,No,Dead,,2006
519,Male,Adult,,No,No,Cast,,2006
520,Male,Adult,,No,No,Cast,,2006
521,Male,Adult,,No,No,Cast,,2006
522,Female,Adult,2 yearlings,No,No,Cast,,2006
523,Male,Subadult,,No,No,Cast,,2006
524,Male,Adult,,No,No,Cast,,2006
525,Female,Adult,None,No,Yes,Active,,2006
526,Male,Subadult,,No,No,Cast,,2006
527,Male,Adult,,No,No,Dead,,2006
528,Female,Subadult,,No,No,Missing,,2006
529,Male,Subadult,,No,Yes,Active,,2006
530,Female,Adult,None,No,No,Missing,,2006
531,Female,Adult,None,No,Yes,Active,,2006
532,Male,Subadult,,No,Yes,Active,,2006
533,Female,Adult,None,No,Yes,Active,,2006
534,Male,Subadult,,No,Yes,Active,,2006
535,Male,Subadult,,No,No,Dead,,2006
536,Female,Subadult,,No,No,Dead,,2006
537,Female,Adult,None,No,Yes,Active,,2006
538,Male,Subadult,,No,Yes,Active,,2006
539,Female,Subadult,,No,Yes,Active,,2006
540,Male,Subadult,,No,Yes,Active,,2006
541,Female,Adult,None,No,Yes,Active,,2006
542,Male,Adult,,No,Yes,Active,,2006
543,Male,Adult,,No,Yes,Active,,2006
544,Male,Subadult,,No,Yes,Active,,2006
155,Male,Adult,,Yes,No,Cast,,2005
211,Male,Adult,,Yes,No,Cast,,2005
214,Female,Adult,2 yearlings,Yes,Yes,Active,,2005
227,Male,Adult,,No,Yes,Active,,2005
273,Male,Adult,,Yes,No,Cast,,2005
287,Male,Adult,,No,Yes,Active,,2005
295,Female,Adult,1 2-year-old,Yes,No,Cast,,2005
315,Female,Adult,None,No,Yes,Active,,2005
321,Female,Adult,None,Yes,Yes,Active,,2005
337,Female,Adult,2 yearlings,Yes,No,Cast,,2005
349,Female,Adult,2 COY,Yes,Yes,Active,,2005
365,Female,Adult,Unknown,Yes,Yes,Active,,2005
373,Male,Adult,,No,Yes,Active,,2005
377,Male,Adult,,Yes,No,Cast,,2005
386,Female,Adult,Unknown,Yes,No,Cast,,2005
398,Male,Adult,,No,No,Cast,,2005
399,Female,Adult,None,Yes,Yes,Active,,2005
401,Male,Adult,,No,No,Cast,,2005
402,Female,Adult,2 yearlings,Yes,Yes,Active,,2005
408,Male,Adult,,No,No,Dead,,2005
412,Female,Adult,1 COY,Yes,Yes,Active,,2005
419,Male,Subadult,,No,Yes,Active,,2005
423,Female,Adult,Unknown,Yes,Yes,Active,,2005
427,Male,Adult,,Yes,No,Cast,,2005
428,Female,Adult,None,Yes,Yes,Active,,2005
433,Male,Adult,,No,Yes,Active,,2005
436,Male,Adult,,Yes,Yes,Active,,2005
437,Male,Adult,,Yes,Yes,Active,,2005
439,Female,Adult,None,Yes,Yes,Active,,2005
441,Male,Adult,,Yes,No,Missing,,2005
448,Female,Subadult,,Yes,Yes,Active,,2005
452,Male,Subadult,,Yes,Yes,Active,,2005
453,Male,Adult,,Yes,No,Cast,,2005
457,Male,Adult,,Yes,No,Cast,,2005
460,Male,Subadult,,Yes,Yes,Active,,2005
461,Female,Adult,2 COY,Yes,No,Cast,,2005
462,Male,Adult,,Yes,No,Cast,,2005
463,Male,Adult,,Yes,No,Cast,,2005
464,Male,Adult,,Yes,No,Cast,,2005
465,Male,Adult,,Yes,Yes,Active,,2005
468,Male,Subadult,,Yes,No,Cast,,2005
469,Male,Adult,,No,No,Cast,,2005
470,Male,Adult,,Yes,No,Cast,,2005
471,Male,Adult,,Yes,No,Cast,,2005
472,Female,Adult,None,Yes,No,Cast,,2005
473,Male,Subadult,,Yes,No,Cast,,2005
474,Female,Adult,None,Yes,Yes,Active,,2005
475,Male,Subadult,,Yes,Yes,Active,,2005
476,Female,Adult,None,Yes,Yes,Active,,2005
477,Male,Adult,,Yes,Yes,Active,,2005
478,Female,Adult,Unknown,Yes,Yes,Active,,2005
479,Male,Adult,,Yes,No,Cast,,2005
480,Male,Adult,,Yes,Yes,Active,,2005
481,Female,Subadult,,Yes,Yes,Active,,2005
482,Female,Adult,None,Yes,Yes,Active,,2005
483,Male,Adult,,No,No,Cast,,2005
484,Male,Adult,,No,No,Cast,,2005
485,Female,Adult,1 yearling,No,Yes,Active,,2005
486,Female,Adult,None,No,Yes,Active,,2005
487,Male,Adult,,No,No,b Cast,,2005
488,Male,Adult,,No,No,Cast,,2005
489,Female,Adult,None,No,Yes,Active,,2005
490,Male,Adult,,No,No,Cast,,2005
491,Female,Subadult,,No,No,Cast,,2005
492,Female,Subadult,,No,No,Cast,,2005
493,Male,Adult,,No,No,Cast,,2005
494,Male,Subadult,,No,Yes,Active,,2005
495,Female,Adult,None,No,Yes,Active,,2005
496,Male,Adult,,No,Yes,Active,,2005
497,Female,Subadult,,No,Yes,Active,,2005
498,Male,Adult,,No,Yes,Active,,2005
499,Female,Adult,None,No,Yes,Active,,2005
500,Female,Adult,None,No,Yes,Active,,2005
501,Female,Adult,None,No,Yes,Active,,2005
502,Female,Subadult,,No,Yes,Active,,2005
503,Female,Adult,None,No,Yes,Active,,2005
504,Male,Adult,,No,Yes,Active,,2005
505,Female,Adult,None,No,Yes,Active,,2005
506,Male,Adult,,No,Yes,Active,,2005
507,Female,Subadult,,No,Yes,Active,,2005
508,Male,Subadult,,No,No,Missing,,2005
509,Female,Adult,2 yearlings,No,Yes,Active,,2005
510,Female,Subadult,,No,No,Missing,,2005
511,Male,Adult,,No,Yes,Active,,2005
512,Male,Adult,,No,Yes,Active,,2005
513,Male,Adult,,No,Yes,Active,,2005
514,Male,Adult,,No,Yes,Active,,2005
515,Male,Adult,,No,Yes,Active,,2005
516,Male,Adult,,No,Yes,Active,,2005
517,Female,Adult,2 COY,No,Yes,Active,,2005
518,Female,Subadult,,No,Yes,Active,,2005
155,Male,Adult,,No,Yes,Active,,2004
188,Female,Adult,1 2-year-old,Yes,No,Cast,,2004
193,Female,Adult,2 COY,Yes,No,Cast,,2004
196,Female,Adult,2 yearlings,Yes,No,Cast,,2004
211,Male,Adult,,No,Yes,Active,,2004
213,Female,Adult,"2 COY, lost 1 or both",Yes,No,Cast,,2004
214,Female,Adult,3 COY,Yes,Yes,Active,,2004
243,Male,Adult,,No,No,Cast,,2004
267,Female,Adult,Unknown,Yes,Yes,Active,,2004
273,Male,Adult,,No,Yes,Active,,2004
295,Female,Adult,2 yearlings,Yes,Yes,Active,,2004
321,Female,Adult,2 yearlings,No,Yes,Active,,2004
337,Female,Adult,2 COY,No,Yes,Active,,2004
345,Male,Adult,,No,Yes,Active,,2004
349,Female,Adult,None,Yes,Yes,Active,,2004
356,Male,Adult,,No,No,Probable failed battery,,2004
365,Female,Adult,None,No,Yes,Active,,2004
372,Male,Adult,,Yes,No,Dead,,2004
377,Male,Adult,,No,Yes,Active,,2004
386,Female,Adult,None,No,Yes,Active,,2004
399,Female,Adult,"1 coy, lost",Yes,Yes,Active,,2004
402,Female,Adult,Unknown,Yes,Yes,Active,,2004
406,Male,Adult,,Yes,No,Unresolved,,2004
408,Male,Subadult,,Yes,No,Cast,,2004
412,Female,Adult,Unknown,Yes,Yes,Active,,2004
415,Male,Subadult,,Yes,No,Cast,,2004
423,Female,Adult,1 COY,Yes,Yes,Active,,2004
427,Male,Subadult,,Yes,Yes,Active,,2004
428,Female,Subadult,,Yes,Yes,Active,,2004
429,Male,Adult,,Yes,No,Cast,,2004
430,Male,Subadult,,Yes,No,Missing,,2004
431,Male,Subadult,,Yes,No,Dead,,2004
432,Male,Adult,,Yes,No,Cast,,2004
433,Male,Adult,,Yes,No,Cast,,2004
436,Male,Adult,,Yes,Yes,Active,,2004
437,Male,Adult,,Yes,Yes,Active,,2004
439,Female,Adult,Unknown,Yes,Yes,Active,,2004
440,Male,Adult,,Yes,No,Cast,,2004
441,Male,Subadult,,Yes,Yes,Active,,2004
442,Male,Adult,,Yes,No,Cast,,2004
443,Male,Adult,,Yes,No,Cast,,2004
445,Male,Adult,,Yes,No,Cast,,2004
447,Female,Adult,1 2-year-old,Yes,Yes,Cast,,2004
448,Female,Subadult,,No,Yes,Active,,2004
449,Male,Adult,,Yes,No,Failed transmitter,,2004
450,Male,Adult,,Yes,No,Cast,,2004
451,Female,Subadult,,Yes,No,Dead,,2004
452,Male,Subadult,,No,Yes,Active,,2004
453,Male,Subadult,,No,Yes,Active,,2004
454,Male,Adult,,No,No,Cast,,2004
455,Male,Adult,,No,No,Cast,,2004
456,Male,Adult,,No,No,Dead,,2004
457,Male,Adult,,No,No,Missing,,2004
458,Female,Subadult,,No,Yes,Active,,2004
459,Male,Adult,,No,No,Cast,,2004
460,Male,Subadult,,No,Yes,Active,,2004
461,Female,Adult,None,No,Yes,Active,,2004
462,Male,Subadult,,No,Yes,Active,,2004
463,Male,Adult,,No,Yes,Active,,2004
464,Male,Adult,,No,Yes,Active,,2004
465,Male,Adult,,No,Yes,Active,,2004
466,Male,Adult,,No,No,Cast,,2004
467,Female,Adult,None,No,Yes,Active,,2004
468,Male,Subadult,,No,Yes,Active,,2004
469,Male,Adult,,No,Yes,Active,,2004
470,Male,Adult,,No,Yes,Active,,2004
471,Male,Adult,,No,Yes,Active,,2004
472,Female,Adult,None,No,Yes,Active,,2004
473,Male,Subadult,,No,Yes,Active,,2004
474,Female,Adult,None,No,Yes,Active,,2004
475,Male,Subadult,,No,Yes,Active,,2004
476,Female,Adult,None,No,Yes,Active,,2004
477,Male,Adult,,No,Yes,Active,,2004
478,Female,Adult,2 yearlings,No,Yes,Active,,2004
479,Male,Adult,,No,Yes,Active,,2004
480,Male,Adult,,No,Yes,Active,,2004
481,Female,Subadult,,No,Yes,Active,,2004
482,Female,Adult,None,No,Yes,Active,,2004
132,Female,Adult,1 Yearling,Yes,No,Cast,,2003
179,Female,Adult,3 2-year-olds,Yes,No,Cast,,2003
188,Female,Adult,"2 Yearlings, lost 1",Yes,Yes,Active,,2003
193,Female,Adult,"1 Yearling, lost",Yes,Yes,Active,,2003
196,Female,Adult,"3 coy, lost 1",Yes,Yes,Active,,2003
211,Male,Adult,,Yes,No,Cast,,2003
213,Female,Adult,None,Yes,Yes,Active,,2003
214,Female,Adult,None,Yes,Yes,Active,,2003
219,Male,Adult,,No,No,Unresolved,,2003
228,Male,Adult,,Yes,No,Cast,,2003
260,Male,Adult,,Yes,No,Cast,,2003
267,Female,Adult,None,Yes,Yes,Active,,2003
281,Male,Adult,,Yes,No,Cast,,2003
295,Female,Adult,1 COY,Yes,Yes,Active,,2003
303,Female,Adult,1 2-year-old,Yes,No,Cast,,2003
305,Female,Adult,2 COY,Yes,Yes,Active,,2003
318,Male,Adult,,No,No,Cast,,2003
323,Male,Adult,,Yes,No,Cast,,2003
344,Male,Adult,,Yes,No,Cast,,2003
349,Female,Adult,None,No,Yes,Active,,2003
351,Female,Adult,Unknown,Yes,No,Probable battery failure,,2003
352,Male,Adult,,Yes,No,Probable battery failure,,2003
355,Male,Subadult,,Yes,No,Cast,,2003
356,Male,Adult,,Yes,Yes,Active,,2003
365,Female,Adult,Unknown,Yes,No,Probable battery failure,,2003
367,Female,Adult,None,Yes,Yes,Active,,2003
369,Male,Adult,,Yes,No,Probable battery failure,,2003
372,Male,Adult,,Yes,Yes,Active,,2003
373,Male,Subadult,,Yes,No,Cast,,2003
374,Male,Adult,,Yes,No,Cast,,2003
383,Female,Adult,2 COY,Yes,No,Probable battery failure,,2003
384,Female,Adult,1 Yearling,Yes,No,Probable battery failure,,2003
394,Male,Adult,,Yes,No,Cast,,2003
399,Female,Adult,None,Yes,Yes,Active,,2003
401,Male,Adult,,Yes,No,Cast,,2003
402,Female,Adult,None,Yes,Yes,Active,,2003
405,Male,Adult,,Yes,No,Cast,,2003
406,Male,Adult,,Yes,Yes,Active,,2003
407,Male,Subadult,,Yes,Yes,Active,,2003
408,Male,Subadult,,Yes,Yes,Active,,2003
410,Male,Adult,,Yes,No,Cast,,2003
412,Female,Adult,"2 coy, lost both",Yes,Yes,Active,,2003
413,Male,Subadult,,Yes,No,Cast,,2003
415,Male,Subadult,,Yes,Yes,Active,,2003
416,Female,Adult,None,Yes,No,Cast,,2003
417,Male,Adult,,Yes,No,Cast,,2003
418,Male,Adult,,Yes,No,Missing,,2003
419,Male,Subadult,,Yes,No,Probable battery failure,,2003
420,Male,Subadult,,Yes,No,Dead,,2003
421,Male,Subadult,,Yes,Yes,Active,,2003
422,Male,Subadult,,Yes,No,Dead,,2003
423,Female,Adult,None,Yes,Yes,Active,,2003
424,Male,Subadult,,Yes,No,Cast,,2003
425,Female,Adult,None,Yes,No,Cast,,2003
426,Male,Subadult,,Yes,No,Missing,,2003
427,Male,Subadult,,No,Yes,Active,,2003
428,Female,Subadult,,No,Yes,Active,,2003
429,Male,Adult,,No,Yes,Active,,2003
430,Male,Subadult,,No,Yes,Active,,2003
431,Male,Subadult,,No,Yes,Active,,2003
432,Male,Adult,,No,Yes,Active,,2003
433,Male,Adult,,No,Yes,Active,,2003
434,Male,Subadult,,No,Yes,Active,,2003
435,Male,Subadult,,No,No,Cast,,2003
436,Male,Subadult,,No,Yes,Active,,2003
437,Male,Adult,,No,Yes,Active,,2003
438,Male,Adult,,No,No,Cast,,2003
439,Female,Adult,2 COY,No,Yes,Active,,2003
440,Male,Adult,,No,Yes,Active,,2003
441,Male,Subadult,,No,Yes,Active,,2003
442,Male,Adult,,No,Yes,Active,,2003
443,Male,Adult,,No,Yes,Active,,2003
444,Male,Adult,,No,No,Cast,,2003
445,Male,Adult,,No,Yes,Active,,2003
446,Male,Adult,,No,No,Dead,,2003
447,Female,Adult,2 Yearlings,No,Yes,Active,,2003
448,Female,Subadult,,No,No,Cast,,2003
449,Male,Adult,,No,Yes,Active,,2003
450,Male,Adult,,No,Yes,Active,,2003
451,Male,Subadult,,No,Yes,Active,,2003
125,Female,Adult,2 COY,Yes,No,Cast,,2002
132,Female,Adult,3 COY,No,Yes,Active,,2002
166,Female,Adult,3 COY,Yes,No,Cast,,2002
179,Female,Adult,3 Yearlings,Yes,Yes,Active,,2002
188,Female,Adult,2 COY,No,Yes,Active,,2002
193,Female,Adult,"2 coy, lost 1",Yes,Yes,Active,,2002
196,Female,Adult,None,Yes,Yes,Active,,2002
211,Male,Adult,,No,Yes,Active,,2002
213,Female,Adult,None,Yes,Yes,Active,,2002
214,Female,Adult,None,No,Yes,Active,,2002
228,Male,Adult,,No,Yes,Active,,2002
260,Male,Adult,,No,Yes,Active,,2002
267,Female,Adult,2 Yearlings,Yes,Yes,Active,,2002
281,Male,Adult,,No,Yes,Active,,2002
295,Female,Adult,2 2-yearr-olds,Yes,Yes,Active,,2002
303,Female,Adult,1 Yearling,Yes,Yes,Active,,2002
304,Male,Adult,,No,No,Cast,,2002
305,Female,Adult,Unknown,Yes,Yes,Active,,2002
311,Female,Adult,None,Yes,No,Removed,,2002
323,Male,Adult,,No,Yes,Active,,2002
338,Male,Adult,,Yes,No,Cast,,2002
339,Male,Adult,,Yes,No,Missing,,2002
344,Male,Adult,,No,Yes,Active,,2002
346,Female,Adult,1 Yearling,Yes,No,Dead,,2002
349,Female,Adult,1 COY,Yes,No,Cast,,2002
350,Female,Subadult,,Yes,Yes,Active,,2002
351,Female,Adult,None,Yes,Yes,Active,,2002
352,Male,Adult,,Yes,Yes,Active,,2002
355,Male,Subadult,,Yes,Yes,Active,,2002
356,Male,Adult,,Yes,Yes,Active,,2002
359,Male,Adult,,Yes,No,Unresolved,,2002
360,Female,Adult,2 COY,Yes,No,Cast,,2002
365,Female,Adult,None,Yes,Yes,Active,,2002
367,Female,Adult,None,Yes,Yes,Active,,2002
369,Male,Adult,,Yes,No,Unresolvedb,,2002
370,Female,Adult,Unknown,Yes,No,Battery failure,,2002
372,Male,Adult,,Yes,Yes,Active,,2002
373,Male,Subadult,,Yes,Yes,Active,,2002
374,Male,Adult,,Yes,Yes,Active,,2002
379,Male,Subadult,,Yes,No,Cast,,2002
381,Male,Adult,,Yes,No,Unresolvedb,,2002
383,Female,Subadult,None,Yes,Yes,Active,,2002
384,Female,Adult,1 COY,Yes,Yes,Active,,2002
386,Female,Adult,3 Yearlings,Yes,No,Cast,,2002
387,Male,Adult,,Yes,No,Cast,,2002
388,Male,Adult,,Yes,No,Cast,,2002
390,Male,Adult,,Yes,No,Cast,,2002
392,Male,Subadult,,No,No,Unresolvedb,,2002
393,Male,Adult,,Yes,No,Unresolvedb,,2002
394,Male,Adult,,Yes,Yes,Active,,2002
395,Female,Subadult,,Yes,No,Cast,,2002
397,Male,Adult,,Yes,No,Cast,,2002
398,Male,Adult,,Yes,No,Cast,,2002
399,Female,Adult,None,Yes,Yes,Active,,2002
400,Male,Adult,,Yes,No,Cast,,2002
401,Male,Adult,,Yes,Yes,Active,,2002
402,Female,Adult,None,Yes,Yes,Active,,2002
403,Female,Adult,2 Yearlings,Yes,No,Dead,,2002
404,Male,Subadult,,No,No,Removed,,2002
405,Male,Adult,,No,Yes,Active,,2002
406,Male,Adult,,No,Yes,Active,,2002
407,Male,Subadult,,No,Yes,Active,,2002
408,Male,Subadult,,No,Yes,Active,,2002
409,Female,Subadult,,No,No,Cast,,2002
410,Male,Adult,,No,Yes,Active,,2002
411,Male,Adult,,No,Yes,Active,,2002
412,Female,Adult,None,No,Yes,Active,,2002
413,Male,Subadult,,No,Yes,Active,,2002
414,Male,Subadult,,No,No,Dead,,2002
415,Male,Subadult,,No,Yes,Active,,2002
416,Female,Adult,None,No,Yes,Active,,2002
417,Male,Adult,,No,Yes,Active,,2002
418,Male,Adult,,No,Yes,Active,,2002
419,Male,Subadult,,No,Yes,Active,,2002
420,Male,Subadult,,No,Yes,Active,,2002
421,Male,Subadult,,No,Yes,Active,,2002
422,Male,Subadult,,No,Yes,Active,,2002
423,Female,Adult,None,No,Yes,Active,,2002
424,Male,Subadult,,No,Yes,Active,,2002
425,Female,Adult,None,No,Yes,Active,,2002
426,Male,Subadult,,No,Yes,Active,,2002
125,Female,Adult,Unknown,Yes,Yes,Active,No,2001
135,Female,Adult,None,Yes,No,Removed,No,2001
166,Female,Adult,None,Yes,Yes,Active,No,2001
179,Female,Adult,3 COY,Yes,Yes,Active,No,2001
193,Female,Adult,None,No,Yes,Active,No,2001
196,Female,Adult,None,Yes,Yes,Active,No,2001
201,Male,Adult,,Yes,No,Unresolvedb,No,2001
211,Male,Adult,,Yes,No,Cast,No,2001
213,Female,Adult,2 Yearlings,Yes,Yes,Active,No,2001
267,Female,Adult,2 COY,Yes,Yes,Active,No,2001
270,Female,Adult,1 COY,Yes,Yes,Active,No,2001
281,Male,Adult,,Yes,No,Cast,No,2001
291,Male,Adult,,Yes,No,Cast,No,2001
292,Male,Adult,,Yes,No,Cast,No,2001
295,Female,Adult,2 Yearlings,Yes,Yes,Active,No,2001
303,Female,Adult,1 COY,Yes,Yes,Active,No,2001
305,Female,Subadult,None,Yes,Yes,Active,Yes,2001
308,Female,Adult,2 COY,Yes,Yes,Active,No,2001
311,Female,Adult,None,No,Yes,Active,No,2001
313,Male,Adult,,Yes,No,Cast,No,2001
320,Male,Adult,,No,Yes,Active,No,2001
321,Female,Adult,Unknown,Yes,Yes,Active,No,2001
325,Female,Adult,2 Yearlings,Yes,No,Removed,No,2001
327,Female,Adult,1 Yearling,Yes,No,Dead,Yes,2001
334,Female,Subadult,None,Yes,No,Cast,No,2001
338,Male,Adult,,Yes,Yes,Active,No,2001
339,Male,Adult,,Yes,Yes,Active,No,2001
340,Male,Adult,,Yes,No,Missing,No,2001
343,Male,Subadult,,Yes,No,Cast,No,2001
346,Female,Adult,"2 coy, lost 1",Yes,Yes,Active,No,2001
348,Male,Adult,,Yes,No,Unresolvedb,No,2001
349,Female,Adult,None,Yes,Yes,Active,No,2001
350,Female,Subadult,None,Yes,Yes,Active,No,2001
351,Female,Adult,1 COY,Yes,Yes,Active,No,2001
352,Male,Subadult,,Yes,Yes,Active,No,2001
354,Male,Adult,,Yes,No,Missing,No,2001
355,Male,Subadult,,Yes,Yes,Active,No,2001
356,Male,Adult,,Yes,Yes,Active,No,2001
357,Female,Subadult,None,Yes,No,Dead,No,2001
358,Female,Adult,1 COY,Yes,No,Removed,No,2001
359,Male,Adult,,Yes,Yes,Active,No,2001
360,Female,Adult,None,Yes,Yes,Active,No,2001
361,Male,Subadult,,Yes,No,Missing,No,2001
364,Female,Adult,Unknown,Yes,No,Missing,No,2001
365,Female,Adult,Unknown,Yes,Yes,Active,No,2001
366,Female,Adult,3 COY,Yes,No,Missing,No,2001
367,Female,Adult,None,Yes,Yes,Active,No,2001
368,Male,Subadult,,Yes,No,Dead,No,2001
369,Male,Adult,,Yes,No,Missing,Yes,2001
370,Female,Adult,None,Yes,Yes,Active,No,2001
372,Male,Subadult,,Yes,Yes,Active,No,2001
373,Male,Subadult,,Yes,Yes,Active,No,2001
374,Male,Adult,,Yes,No,Missing,No,2001
375,Male,Adult,,Yes,No,Cast,No,2001
376,Male,Adult,,Yes,No,Dead,No,2001
377,Male,Adult,,No,No,Cast,No,2001
378,Male,Adult,,No,No,Removed,Yes,2001
379,Male,Subadult,,No,No,Missing,No,2001
380,Male,Adult,,No,Yes,Active,Yes,2001
381,Male,Subadult,,No,Yes,Active,No,2001
382,Male,Subadult,,No,No,Removed,No,2001
383,Female,Subadult,None,No,Yes,Active,No,2001
384,Female,Adult,None,No,Yes,Active,No,2001
385,Male,Subadult,,No,No,Removed,Yes,2001
386,Female,Adult,3 COY,No,Yes,Active,No,2001
387,Male,Adult,,No,Yes,Active,No,2001
388,Male,Adult,,No,Yes,Active,No,2001
389,Male,Adult,,No,Yes,Active,No,2001
390,Male,Adult,,No,Yes,Active,No,2001
391,Male,Subadult,,No,No,Removed,Yes,2001
392,Male,Subadult,,No,No,Missing,Yes,2001
393,Male,Adult,,No,Yes,Active,No,2001
394,Male,Adult,,No,Yes,Active,Yes,2001
395,Female,Subadult,None,No,Yes,Active,No,2001
396,Male,Subadult,,No,Yes,Active,Yes,2001
397,Male,Adult,,No,Yes,Active,No,2001
398,Male,Adult,,No,Yes,Active,No,2001
399,Female,Adult,None,No,Yes,Active,No,2001
400,Male,Adult,,No,Yes,Active,No,2001
401,Male,Adult,,No,Yes,Active,No,2001
402,Female,Subadult,None,No,Yes,Active,No,2001
403,Female,Adult,2 COY,No,Yes,Active,Yes,2001
80,Male,Adult,,No,No,Cast,No,2000
125,Female,Adult,No young,No,Yes,Active,No,2000
128,Female,Adult,No young,Yes,Yes,Active,No,2000
135,Female,Adult,1 COY (371),No,Yes,Active,Yes,2000
166,Female,Adult,No young,No,Yes,Active,No,2000
179,Female,Adult,Unknown (not observed),No,Yes,Active,No,2000
185,Male,Adult,,Yes,No,Missing,No,2000
196,Female,Adult,No young,No,Yes,Active,No,2000
201,Male,Adult,,No,Yes,Active,No,2000
211,Male,Adult,,No,Yes,Active,No,2000
212,Male,Adult,,Yes,No,Removed,No,2000
213,Female,Adult,"3 coy, lost 1",No,Yes,Active,No,2000
224,Male,Adult,,Yes,No,Cast,No,2000
234,Female,Adult,2 COY,No,Yes,Active,Yes,2000
267,Female,Adult,No young,No,Yes,Active,No,2000
270,Female,Adult,2 2-year-olds,Yes,Yes,Active,No,2000
281,Male,Adult,,No,Yes,Active,No,2000
287,Male,Adult,,Yes,Yes,Active,No,2000
289,Female,Adult,2 COY,Yes,No,Battery failure,No,2000
290,Male,Adult,,No,Yes,Active,No,2000
291,Male,Adult,,Yes,Yes,Active,No,2000
292,Male,Adult,,Yes,Yes,Active,No,2000
295,Female,Adult,2 COY,Yes,Yes,Active,No,2000
296,Female,Adult,Unknown (not observed),Yes,No,Cast,No,2000
298,Female,Adult,2 yearlings,Yes,No,Battery failure,No,2000
303,Female,Adult,No young,No,Yes,Active,No,2000
305,Female,Subadult,No young,No,Yes,Active,No,2000
308,Female,Adult,"1 yearling, lost",Yes,Yes,Active,No,2000
309,Male,Adult,,Yes,No,Battery failure,No,2000
312,Male,Subadult,,Yes,No,Dead,No,2000
313,Male,Adult,,Yes,Yes,Active,No,2000
315,Female,Subadult,No young,Yes,No,Battery failure,No,2000
316,Female,Adult,2 yearlings/separated bred,Yes,No,Dead,No,2000
317,Male,Adult,,No,No,Dead,No,2000
320,Male,Adult,,No,Yes,Active,No,2000
321,Female,Adult,2 COY,No,Yes,Active,No,2000
322,Female,Subadult,Unknown (not observed),Yes,No,Cast,No,2000
325,Female,Adult,2 COY,Yes,Yes,Active,No,2000
327,Female,Adult,"2 coy, lost 1",Yes,Yes,Active,No,2000
328,Male,Adult,,Yes,No,Missing,No,2000
329,Male,Adult,,No,Yes,Active,No,2000
330,Male,Adult,,No,No,Cast,No,2000
333,Male,Subadult,,Yes,No,Cast,No,2000
334,Female,Subadult,No young,Yes,Yes,Active,No,2000
336,Male,Adult,,Yes,No,Unresolvedb,No,2000
338,Male,Adult,,No,Yes,Active,No,2000
339,Male,Adult,,Yes,Yes,Active,No,2000
340,Male,Subadult,,Yes,Yes,Active,No,2000
341,Male,Adult,,No,No,Cast,No,2000
342,Female,Adult,2 COY,No,Yes,Active,No,2000
343,Male,Subadult,,No,No,Missing,No,2000
344,Male,Subadult,,Yes,No,Cast,No,2000
345,Male,Adult,,Yes,No,Cast,No,2000
346,Female,Adult,"2 coy, lost both",Yes,Yes,Active,No,2000
347,Male,Adult,,Yes,No,Cast,No,2000
348,Male,Adult,,Yes,Yes,Active,No,2000
349,Female,Adult,No young,Yes,Yes,Active,No,2000
350,Female,Subadult,No young,No,Yes,Active,No,2000
351,Female,Adult,No young,No,Yes,Active,No,2000
352,Male,Subadult,,No,Yes,Active,No,2000
353,Male,Subadult,,No,No,Removed,Yes,2000
354,Male,Adult,,No,Yes,Active,No,2000
355,Male,Subadult,,No,Yes,Active,No,2000
356,Male,Adult,,No,Yes,Active,No,2000
357,Female,Subadult,No young,No,Yes,Active,No,2000
358,Female,Subadult,No young,No,Yes,Active,No,2000
359,Male,Adult,,No,Yes,Active,No,2000
360,Female,Subadult,No young,No,Yes,Active,No,2000
361,Male,Subadult,,No,Yes,Active,Yes,2000
362,Male,Subadult,,No,Yes,Active,Yes,2000
363,Male,Subadult,,No,Yes,Active,No,2000
364,Female,Subadult,Noyoung,No,Yes,Active,No,2000
365,Female,Adult,2 COY,No,Yes,Active,No,2000
366,Female,Adult,No young,No,Yes,Active,No,2000
367,Female,Adult,No young,No,Yes,Active,No,2000
368,Male,Subadult,,No,Yes,Active,No,2000
369,Male,Adult,,No,No,Missing,No,2000
370,Female,Adult,No young,No,Yes,Active,No,2000
371,Female,Subadult,No young,No,Yes,Active,Yes,2000
372,Male,Subadult,,No,Yes,Active,Yes,2000
373,Male,Subadult,,No,Yes,Active,No,2000
374,Male,Subadult,,No,Yes,Active,Yes,2000
375,Male,Subadult,,No,Yes,Active,Yes,2000
376,Male,Subadult,,No,Yes,Active,Yes,2000
103,Male,Adult,,Yes,No,Unresolveda,No,1999
128,Female,Adult,1 COY,Yes,Yes,Active,No,1999
179,Female,Adult,3 COY,No,No,Cast,No,1999
185,Male,Adult,,No,Yes,Active,Yes,1999
211,Male,Adult,,Yes,No,Cast,No,1999
212,Male,Adult,,Yes,Yes,Active,No,1999
213,Female,Adult,None,Yes,No,Cast,No,1999
214,Female,Adult,None,Yes,No,Cast,No,1999
219,Male,Adult,,No,No,Cast,No,1999
224,Male,Adult,,No,Yes,Active,No,1999
251,Male,Adult,,Yes,No,Cast,No,1999
264,Female,Adult,"2 COY, lost both May",Yes,Yes,Active,No,1999
270,Female,Adult,2 yearlings,No,Yes,Active,Yes,1999
278,Male,Adult,,Yes,No,Cast,No,1999
287,Male,Adult,,No,Yes,Active,No,1999
289,Female,Adult,None,Yes,Yes,Active,No,1999
290,Male,Adult,,Yes,No,Cast,No,1999
291,Male,Adult,,Yes,Yes,Active,No,1999
292,Male,Adult,,Yes,Yes,Active,No,1999
295,Female,Adult,"2 COY, lost both btwn 6-10/99",Yes,Yes,Active,No,1999
296,Female,Adult,1 COY,Yes,Yes,Active,No,1999
298,Female,Adult,2 COY,Yes,Yes,Active,No,1999
299,Male,Adult,,Yes,No,Cast,No,1999
304,Male,Subadult,,Yes,No,Cast,No,1999
308,Female,Adult,1 COY,Yes,Yes,Active,No,1999
309,Male,Adult,,Yes,Yes,Active,No,1999
310,Male,Adult,,Yes,No,Cast,No,1999
311,Female,Adult,2 yearlings,Yes,No,Cast,No,1999
312,Male,Subadult,,No,Yes,Active,Yes,1999
313,Male,Subadult,,Yes,Yes,Active,No,1999
314,Male,Adult,,Yes,No,Cast,No,1999
315,Female,Subadult,None,Yes,Yes,Active,No,1999
316,Female,Adult,2 COY,Yes,Yes,Active,No,1999
317,Male,Adult,,Yes,No,Cast,No,1999
319,Male,Subadult,,Yes,No,Cast,No,1999
320,Male,Adult,,Yes,No,Missing,No,1999
321,Female,Adult,None,Yes,No,Cast,No,1999
322,Female,Subadult,None,Yes,Yes,Active,No,1999
323,Male,Subadult,,Yes,No,Battery failure,No,1999
324,Male,Subadult,,Yes,No,Dead,No,1999
325,Female,Subadult,None,Yes,Yes,Active,Yes,1999
326,Male,Subadult,,No,No,Dead,Yes,1999
327,Female,Adult,None,No,Yes,Active,Yes,1999
328,Male,Adult,,No,Yes,Active,No,1999
329,Male,Adult,,No,No,Cast,No,1999
330,Male,Adult,,No,No,Cast,No,1999
331,Female,Subadult,None,No,No,Cast,No,1999
332,Female,Adult,2 yearlings,No,No,Unresolved,No,1999
333,Male,Subadult,,No,Yes,Active,No,1999
334,Female,Subadult,None,No,Yes,Active,Yes,1999
335,Male,Adult,,No,Yes,Active,No,1999
336,Male,Adult,,No,Yes,Active,No,1999
337,Female,Subadult,None,No,No,Cast,No,1999
338,Male,Subadult,,No,No,Cast,No,1999
339,Male,Adult,,No,Yes,Active,Yes,1999
340,Male,Subadult,,No,Yes,Active,No,1999
341,Male,Adult,,No,No,Cast,No,1999
342,Female,Adult,None,No,Yes,Active,No,1999
343,Male,Subadult,,No,No,Cast,No,1999
344,Male,Subadult,,No,Yes,Active,No,1999
345,Male,Adult,,No,Yes,Active,Yes,1999
346,Female,Subadult,None,No,Yes,Active,No,1999
347,Male,Subadult,,No,Yes,Active,Yes,1999
348,Male,Adult,,No,Yes,Active,Yes,1999
349,Female,Adult,None,No,Yes,Active,No,1999
103,Male,Adult,,No,Yes,active,,1998
128,Female,Adult,"unknown, but",No,Yes,active,,1998
179,Female,Adult,lactating unknown,Yes,No,cast collar,,1998
205,Female,Adult,"2, 2-year-olds weaned",Yes,No,battery failed,,1998
206,Male,Adult,,Yes,No,dead (old age),,1998
211,Male,Adult,,Yes,Yes,active,,1998
212,Male,Adult,,Yes,?,missing,,1998
213,Female,Adult,none,No,Yes,active,,1998
214,Female,Adult,none,Yes,Yes,active,,1998
219,Male,Adult,,Yes,No,cast collar,,1998
239,Male,Adult,,Yes,No,collar on mortality,,1998
251,Male,Adult,,Yes,Yes,active,,1998
260,Male,Adult,,No,Yes,active,,1998
264,Female,Adult,none,Yes,Yes,active,,1998
267,Female,Adult,unknown,Yes,No,cast collar,,1998
271,Female,Adult,none,Yes,No,collar on mortality,,1998
276,Female,Adult,none,Yes,Yes,active,,1998
278,Male,Adult,,Yes,Yes,active,,1998
279,Female,Adult,1 cub of year,Yes,Yes,active,,1998
281,Male,Adult,,Yes,Yes,active,,1998
282,Male,Adult,,Yes,No,cast collar,,1998
284,Female,Adult,2 cubs of year,Yes,Yes,active,,1998
286,Male,Adult,,Yes,No,dead (mgt removal),,1998
289,Female,Subadult,,Yes,Yes,active,,1998
290,Male,Subadult,,Yes,Yes,active,,1998
291,Male,Subadult,,Yes,Yes,active,,1998
292,Male,Adult,,Yes,?,missing,,1998
294,Female,Adult,unknown,Yes,No,battery failed,,1998
295,Female,Adult,none,Yes,Yes,active,,1998
296,Female,Subadult,,Yes,Yes,active,,1998
298,Female,Adult,none,Yes,Yes,active,,1998
299,Male,Adult,,Yes,Yes,active,,1998
300,Female,Subadult,,Yes,No,battery failed,,1998
301,Male,Subadult,,Yes,No,dead (mgt removal),,1998
302,Male,Adult,,No,?,missing,,1998
303,Female,Adult,1 yearling,No,Yes,active,,1998
304,Male,Subadult,,No,Yes,active,,1998
305,Female,Yearling,,No,No,cast collar,,1998
306,Male,Adult,,No,No,cast collar,,1998
307,Male,Subadult,,No,No,collar on mortality,,1998
308,Female,Adult,1 yearling,No,Yes,active,,1998
309,Male,Adult,,No,Yes,active,,1998
310,Male,Adult,,No,Yes,active,,1998
311,Female,Adult,3 cubs of year,No,Yes,active,,1998
312,Male,Yearling,,No,No,cast collar,,1998
313,Male,Subadult,,No,Yes,active,,1998
314,Male,Adult,,No,Yes,active,,1998
315,Female,Subadult,,No,Yes,active,,1998
316,Female,Subadult,,No,Yes,active,,1998
317,Male,Adult,,No,Yes,active,,1998
318,Male,Adult,,No,No,cast collar,,1998
319,Male,Subadult,,No,?,missing (dispersing),Yes (2),1998
320,Male,Subadult,,No,Yes,active,,1998
321,Female,Adult,none,No,Yes,active,,1998
322,Female,Subadult,,No,Yes,active,Yes,1998
323,Male,Subadult,,No,Yes,active,,1998
324,Male,Subadult,,No,Yes,active,Yes,1998
325,Female,Subadult,,No,Yes,active,Yes,1998