Bear,Sex,Age, Date ,General locationa,Capture type,Release Site,Handler,Year
1050,Male,Adult,4/25/22,"Greybull River, PR-WY",Management,Removed (202203),WGFD,2022
1059,Male,Adult,5/4/22,"South Fork Shoshone, PR-WY",Management,Transported,WGFD,2022
1060,Male,Adult,5/21/22,"Beam Gulch, SNF",Research,On site,WGFD,2022
1061,Male,Adult,5/21/22,"Gravelbar crk, SNF",Research,On site,WGFD,2022
1061,Male,Adult,5/29/22,"Gravelbar crk, SNF",Research,On site,WGFD,2022
989,Female,Adult,5/21/22,"Crow crk, CTNF",Management,Removed (202205),IDFG,2022
Unm202201,Male,Yearling,5/21/22,"Crow crk, CTNF",Management,Removed (202206),,2022
1062,Female,Adult,5/22/22,"Sunlight crk, SNF",Research,On site,WGFD,2022
516,Male,Adult,5/24/22,"Beam Gulch, SNF",Research,On site,WGFD,2022
998,Female,Adult,5/25/22,"Crow crk, CTNF",Management,Removed (202209),IDFG,2022
Unm202202,Female,Yearling,5/24/22,"Crow crk, CTNF",Management,Removed (202210),IDFG,2022
Unm202203,Male,Yearling,5/24/22,"Crow crk, CTNF",Management,Removed (202211),IDFG,2022
994,Male,Adult,5/26/22,"Snake River, GTNP",Research,On site,IGBST,2022
G275,Male,Subadult,5/27/22,"Ghost crk, SNF",Research,On site,WGFD,2022
G275,Male,Subadult,5/30/22,"Ghost crk, SNF",Research,On site,WGFD,2022
G276,Male,Adult,5/28/22,"Sunlight crk, SNF",Research,On site,WGFD,2022
1063,Female,Subadult,5/29/22,"Pilgrim crk, GTNP",Research,On site,IGBST,2022
1063,Female,Subadult,6/6/22,"Snake River, GTNP",Research,On site,IGBST,2022
1064,Female,Subadult,6/3/22,"Pacific crk, GTNP",Research,On site,IGBST,2022
1065,Female,Subadult,6/9/22,"Deadman crk, SNF",Research,On site,WGFD,2022
1019,Male,Adult,6/17/22,"Snake River, GTNP",Research,On site,IGBST,2022
1066,Male,Adult,6/20/22,"Lizard crk, GTNP",Research,On site,IGBST,2022
Unm202204,Female,Subadult,6/21/22,"Beartooth crk, SNF",Management,Removed (202224),IGBST,2022
794,Male,Adult,6/22/22,"Pilgrim crk, GTNP",Research,On site,IGBST,2022
Unm202205,Male,Adult,6/24/22,"Sheep crk, PR-WY",Management,Removed (202225),WGFD,2022
940,Male,Adult,6/27/22,"Henrys Fork, CTNF",Research,On site,IDFG,2022
1067,Male,Adult,7/6/22,"Howard crk, CTNF",Research,On site,IDFG,2022
1067,Male,Adult,7/27/22,"East Dry crk, CTNF",Research,On site,IDFG,2022
1068,Male,Subadult,7/8/22,"Wagon crk, BTNF",Management,Transported,WGFD,2022
G277,Male,Subadult,7/9/22,"Henrys Fork, CTNF",Research,On site,IDFG,2022
G277,Male,Subadult,7/19/22,"Enget crk, CTNF",Research,On site,IDFG,2022
G277,Male,Subadult,8/24/22,"Enget crk, CTNF",Research,On site,IDFG,2022
1057,Male,Subadult,7/12/22,"Boulder crk, PR-WY",Management,Removed (202226),WGFD,2022
Unm202206,Male,Subadult,7/13/22,"Slab crk, PR-WY",Management,Removed (202227),WGFD,2022
1051,Male,Subadult,7/13/22,"Ingals crk, CTNF",Research,On site,IDFG,2022
1051,Male,Subadult,8/25/22,"Ingals crk, CTNF",Research,On site,IDFG,2022
1069,Male,Subadult,7/16/22,"East Fork Wind River, PR-WY",Management,Transported,WGFD,2022
1070,Female,Adult,7/16/22,"North Fork Fish crk, BTNF",Research,On site,WGFD,2022
1071,Female,Subadult,7/16/22,"Red crk, BTNF",Research,On site,WGFD,2022
419,Male,Adult,7/16/22,"Ingals crk, CTNF",Research,On site,IDFG,2022
1072,Female,Subadult,7/17/22,"Hereford crk, BTNF",Research,On site,WGFD,2022
Unm202207,Unkown,Yearling,7/16/22,"East Dry crk, CTNF",Research,On site,IDFG,2022
Unm202208,Unkown,Yearling,7/18/22,"Henrys Fork, CTNF",Research,On site,IDFG,2022
938,Male,Adult,7/19/22,"Ingals crk, CTNF",Research,On site,IDFG,2022
1073,Female,Subadult,7/20/22,"Deadman crk, PR-MT",Research,On site,IGBST,2022
1073,F emale,Subadult,8/3/22,"Deadman crk, PR-MT",Research,On site,IGBST,2022
1074,Male,Subadult,7/21/22,"Papoose crk, BTNF",Research,On site,WGFD,2022
1075,Male,Adult,7/22/22,"North Fork Fish crk, BTNF",Research,On site,WGFD,2022
1038,Female,Subadult,7/24/22,"East Fork Cream crk, CGNF",Research,On site,IGBST,2022
1038,Female,Subadult,7/29/22,"Enget crk, CTNF",Research,On site,IDFG,2022
1038,Female,Subadult,8/22/22,"East Fork Cream crk, CGNF",Research,On site,IGBST,2022
1076,F emale,Adult,7/24/22,"Cottonwood crk, BTNF",Research,On site,WGFD,2022
Unm202209,Female,Adult,7/27/22,"curry crk, PR-WY",Management,On site,WGFD,2022
373,Male,Adult,7/30/22,"Ingals crk, CTNF",Research,On site,IDFG,2022
1077,Male,Subadult,7/31/22,"curry crk, PR-WY",Management,Transported,WGFD,2022
1078,Male,Adult,8/1/22,"South Fork Fish crk, BTNF",Management,Transported,WGFD,2022
Unm202210,Male,Subadult,8/1/22,"Slab crk, PR-WY",Management,Removed (202228),WGFD,2022
1079,Male,Subadult,8/7/22,"Howard crk, CTNF",Research,On site,IDFG,2022
942,Female,Adult,8/7/22,"East Dry crk, CTNF",Research,On site,IDFG,2022
1080,Male,Adult,8/10/22,"Tepee crk, CGNF",Research,On site,IGBST,2022
856,Male,Adult,8/14/22,"Rock crk, CTNF",Research,On site,IDFG,2022
1082,Female,Subadult,8/16/22,"Ingals crk, CTNF",Research,On site,IDFG,2022
1082,Female,Subadult,8/20/22,"Ingals crk, CTNF",Research,On site,IDFG,2022
1081,Female,Subadult,8/18/22,"Yellowstone River, PR-MT",Management,Transported,MTFWP,2022
Unm202211,Unkown,Yearling,8/18/22,"Bear crk, CTNF",Research,On site,IDFG,2022
1083,Male,Subadult,8/20/22,"Enget crk, CTNF",Research,On site,IDFG,2022
Unm202212,Female,Subadult,8/20/22,"Tom Miner, ST-MT",Management,Removed (202229),WS/MTFWP,2022
1045,Male,Adult,8/21/22,"Rock crk, CTNF",Research,On site,IDFG,2022
1084,F emale,Adult,8/24/22,"Tepee crk, CGNF",Research,On site,IGBST,2022
1085,Male,Adult,8/26/22,"Stephens crk, YNP",Research,On site,IGBST,2022
699,Male,Adult,8/30/22,"Meadow crk, PR-WY",Management,Removed (202230),WGFD,2022
769,Male,Adult,8/31/22,"Stephens crk, YNP",Research,On site,IGBST,2022
1086,Female,Adult,9/2/22,"Tepee crk, BTNF",Management,On site,WGFD,2022
1087,Male,Adult,9/4/22,"Bridge crk, YNP",Research,On site,IGBST,2022
1087,Male,Adult,9/5/22,"Arnica crk, YNP",Research,On site,IGBST,2022
514,Male,Adult,9/10/22,"Pacific crk, BTNF",Management,Removed (202232),WGFD,2022
630,Male,Adult,9/15/22,"Cascade crk, YNP",Research,On site,IGBST,2022
630,Male,Adult,9/17/22,"Antelope crk, YNP",Research,On site,IGBST,2022
812,Male,Adult,9/17/22,"Antelope crk, YNP",Research,On site,IGBST,2022
520,Male,Adult,9/19/22,"Cascade crk, YNP",Research,On site,IGBST,2022
1088,Male,Adult,9/19/22,"Sharp crk, PR-MT",Management,Transported,MTFWP,2022
800,Female,Adult,9/20/22,"Yellowstone River, PR-MT",Management,Removed (202233),MTFWP,2022
Unm202213,Female,Cub,9/21/22,"Yellowstone River, PR-MT",Management,Removed (202234),MTFWP,2022
G190,F emale,Adult,9/27/22,"Greybull River, PR-WY",Management,Removed (202236),WGFD,2022
Unm202214,Male,Cub,9/27/22,"Greybull River, PR-WY",Management,Removed (202237),WGFD,2022
Unm202215,Male,Cub,9/27/22,"Greybull River, PR-WY",Management,Removed (202238),WGFD,2022
Unm202216,Male,Adult,10/5/22,"South Fork Shoshone, PR-WY",Management,Removed (202239),WGFD,2022
804,Male,Adult,10/6/22,"Antelope crk, YNP",Research,On site,IGBST,2022
Unm202217,Male,Adult,10/8/22,"Greybull River, PR-WY",Management,Removed (202240),WGFD,2022
314,Male,Adult,10/12/22,"Henrys Fork, CTNF",Research,On site,IDFG,2022
1089,Female,Adult,10/17/22,"Yellowstone River, PR-MT",Management,Transported,MTFWP,2022
1089,Female,Adult,11/9/22,Middle Leigh cre PR-ID,Management,Removed (202242),IDFG,2022
G279,Male,Subadult,10/17/22,"Yellowstone River, PR-MT",Management,Transported,MTFWP,2022
6279,Male,Subadult,11/9/22,Middle Leigh cre PR-ID,Management,Removed (202244),IDFG,2022
Unm202218,Male,Subadult,10/17/22,"Yellowstone River, PR-MT",Management,Transported,MTFWP,2022
Unm202218,Male,Subadult,11/10/22,Middle Leigh cre PR-ID,Management,Removed (202245),IDFG,2022
416,Female,Adult,10/20/22,"Gallatin River, PR-MT",Management,Removed (202241),MTFWP,2022
1090,Male,Cub,10/20/22,"Gallatin River, PR-MT",Management,Transported,MTFWP,2022
1091,Male,Cub,10/20/22,"Gallatin River, PR-MT",Management,Transported,MTFWP,2022
845,Male,Adult,12/5/22,"Greybull River, PR-WY",Management,Removed (202247),WGFD,2022
202101,Female,Yearling,4/6/21,"South Fork Shoshone River, PR WY",Management,Removed (202101),WGFD,2021
1020,Male,Adult,4/11/21,"Rawhide crk, PR-WY",Management,Transported,WGFD,2021
449,Male,Adult,4/17/21,"Madison River, CGNF",Management,Removed (202104),MTFWP,2021
1021,Male,Adult,4/26/21,"Rawhide crk, PR-WY",Management,Transported,WGFD,2021
202106,Female,Subadult,5/5/21,"Gooseberry crk, PR-WY",Management,Removed (202106),WGFD,2021
202107,Male,Subadult,5/5/21,"Gooseberry crk, PR-WY",Management,Removed (202107),WGFD,2021
1022,Male,Subadult,5/7/21,"Snake River, PR-WY",Management,Transported,WGFD,2021
1022,Male,Subadult,5/22/21,"Snake River, PR-WY",Management,Removed (202112),WGFD,2021
202108,Male,Adult,5/11/21,"Carbon County, PR-MT",Management,Removed (202108),WS/MTFWP,2021
639,Male,Adult,5/12/21,"Grace crk, SNF",Research,On site,WGFD,2021
Unm202105,Unk,Yearling,5/13/21,"Rock crk, ST-MT",Management,On site,WS/MTFWP,2021
1023,Male,Subadult,5/14/21,"Cougar crk, SNF",Research,On site,WGFD,2021
885,Male,Adult,5/31/21,"Belknap crk, PR-WY",Research,On site,WGFD,2021
1024,Male,Subadult,6/4/21,"Antelope crk, YNP",Research,On site,IGBST/YNP,2021
1024,Male,Subadult,6/6/21,"Antelope Crk, YNP",Research,On site,IGBST/YNP,2021
1024,Male,Subadult,6/26/21,"Cascade crk, YNP",Research,On site,IGBST/YNP,2021
1025,Female,Adult,6/5/21,"Timber crk, BLM-WY",Research,On site,WGFD,2021
202115,Male,Subadult,6/5/21,"Grinnell crk, SNF",Management,Removed (202115),WGFD,2021
887,Male,Adult,6/6/21,"Stephens crk, YNP",Research,On site,IGBST/YNP,2021
1026,Male,Adult,6/8/21,"Rock crk, SNF",Research,On site,WGFD,2021
1027,Female,Adult,6/9/21,"Belknap crk, PR-WY",Research,On site,WGFD,2021
749,Female,Adult,6/13/21,"Stephens crk, YNP",Research,On site,IGBST/YNP,2021
Unm202107,Unk,Subadult,6/13/21,"Gibbon River, YNP",Research,On site,IGBST/YNP,2021
1028,Male,Subadult,6/14/21,"Snake River, JDR",Management,Transported,GTNP,2021
1028,Male,Subadult,9/21/21,"Snake River, PR-WY",Management,Removed (202146),WGFD,2021
1029,Male,Subadult,6/15/21,"North Fork Shoshone, SNF",Management,Transported,WGFD,2021
981,Female,Subadult,6/16/21,"Gibbon River, YNP",Research,On site,IGBST/YNP,2021
Unm202108,Male,Adult,6/16/21,"Antelope crk, YNP",Research,On site,IGBST/YNP,2021
1030,Male,Subadult,6/21/21,"North Fork Shoshone, SNF",Management,Transported,WGFD,2021
1031,Female,Adult,6/27/21,"Jack crk, SNF",Research,On site,WGFD,2021
967,Male,Adult,6/27/21,"Haymaker Crk, SNF",Research,On site,WGFD,2021
1032,Female,Subadult,6/27/21,"Betty crk, SNF",Research,On site,WGFD,2021
980,Female,Adult,6/28/21,"Gibbon River, YNP",Research,On site,IGBST,2021
476,Female,Adult,6/28/21,"Boulder crk, SNF",Research,On site,WGFD,2021
635,Male,Adult,6/28/21,"Robinson Crk, SNF",Research,On site,WGFD,2021
1033,Male,Subadult,6/28/21,"Gentian crk, SNF",Research,On site,WGFD,2021
1034,Female,Adult,6/29/21,"Greybull River, SNF",Research,On site,WGFD,2021
1035,Female,Adult,6/29/21,"Francs Fork, SNF",Research,On site,WGFD,2021
1036,Male,Adult,6/29/21,"Anderson Crk, SNF",Research,On site,WGFD,2021
538,Male,Adult,6/29/21,"Dundee crk, SNF",Research,On site,WGFD,2021
881,Male,Adult,6/30/21,"Cascade crk, YNP",Research,On site,IGBST,2021
970,Male,Adult,6/30/21,"Cascade crk, YNP",Research,On site,IGBST,2021
1037,Male,Adult,7/2/21,"Henrys Fork, CTNF",Research,On site,IDFG,2021
800,Female,Adult,7/7/21,"Slip and Slide crk, CGNF",Research,On site,IGBST,2021
556,Male,Adult,7/7/21,"Henrys Fork, CTNF",Research,On site,IDFG,2021
1038,Female,Subadult,7/10/21,"Cream crk, CGNF",Research,On site,IGBST,2021
1038,Female,Subadult,8/24/21,"Jesse crk, CTNF",Research,On site,IDFG,2021
202119,Male,Adult,7/10/21,"Blaine crk, PR-WY",Management,Removed (202119),WGFD,2021
906,Female,Adult,7/10/21,"Jessie crk, CTNF",Research,On site,IDFG,2021
1039,Male,Subadult,7/12/21,"Tosi crk, BTNF",Management,Transported,WGFD,2021
1040,Male,Subadult,7/13/21,"Gypsum crk, BTNF",Management,Transported,WGFD,2021
1041,Female,Subadult,7/18/21,"Tosi crk, BTNF",Management,Transported,WGFD,2021
1041,Female,Subadult,8/25/21,"Tepee crk, BTNF",Management,Transported,WGFD,2021
902,Male,Adult,7/21/21,"Cottonwood crk, BDNF",Management,Removed (202122),WS/MTFWP,2021
886,Female,Adult,7/21/21,"Sulfur crk, PR-WY",Management,Transported,WGFD,2021
G272,Female,Subadult,7/21/21,"Sulfur crk, PR-WY",Management,Transported,WGFD,2021
1042,Female,Adult,7/22/21,"Duck crk, BLM-ID",Management,On site,WS/IDFG,2021
1043,Female,Subadult,7/23/21,"South Fork Fish crk, BTNF",Management,Transported,WGFD,2021
1043,Female,Subadult,10/10/21,"Greybull River, PR-WY",Management,Removed (202163),WGFD,2021
908,Male,Adult,7/24/21,"Cream crk, CGNF",Research,On site,IGBST,2021
202123,Male,Subadult,7/25/21,"Badger crk, PR-WY",Management,Removed (202123),WGFD,2021
706,Female,Adult,7/26/21,"Henrys Fork, CTNF",Research,On site,IDFG,2021
202124,Male,Subadult,7/28/21,"Greybull River, PR-WY",Management,Removed (202124),WGFD,2021
202125,Female,Subadult,7/28/21,"Greybull River, PR-WY",Management,Removed (202125),WGFD,2021
1044,Female,Adult,7/28/21,"Crow crk, WRIR",Research,On site,WGFD,2021
1045,Male,Subadult,7/29/21,"Wyoming crk, CTNF",Research,On site,IDFG,2021
1045,Male,Subadult,8/9/21,"Wyoming crk, CTNF",Research,On site,IDFG,2021
1045,Male,Subadult,8/17/21,"Wyoming crk, CTNF",Research,On site,IDFG,2021
202126,Male,Adult,7/30/21,"squaw crk, PR-WY",Management,Removed (202126),WGFD,2021
713,Male,Adult,7/30/21,"Bear crk, CTNF",Research,On site,IDFG,2021
1046,Female,Subadult,7/31/21,"Little Twin crk, BTNF",Management,Transported,WGFD,2021
946,Male,Adult,8/2/21,"Gros Ventre River, PR-WY",Management,Removed (202128),WGFD,2021
566,Male,Adult,8/3/21,"Icehouse crk, ST-ID",Management,Transported,IDFG,2021
782,Male,Adult,8/5/21,"Ingals crk, CTNF",Research,On site,IDFG,2021
898,Female,Adult,8/6/21,"camp crk, SNF",Management,Removed (202130),WGFD,2021
913,Female,Adult,8/7/21,"Wyoming crk, CTNF",Research,On site,IDFG,2021
913,Female,Adult,8/13/21,"Wyoming crk, CTNF",Research,On site,IDFG,2021
1047,Male,Adult,8/7/21,"Crow crk, WRIR",Research,On site,WGFD,2021
1048,Male,Subadult,8/7/21,"Gros Ventre River, PR-WY",Management,Transported,WGFD,2021
1048,Male,Subadult,8/28/21,"Snake River, PR-WY",Management,Removed (202140),WGFD,2021
1049,Female,Adult,8/8/21,"Red crk, WRIR",Research,On site,WGFD,2021
202131,Male,Adult,8/8/21,"Willow crk, PR-WY",Management,Removed (202131),WGFD,2021
912,Female,Adult,8/11/21,"Eldridge crk, CGNF",Research,On site,IGBST,2021
202132,Female,Adult,8/11/21,"Slab crk, PR-WY",Management,Removed (202132),WGFD,2021
531,Female,Adult,8/14/21,"Crow crk, WRIR",Research,On site,WGFD,2021
940,Male,Adult,8/14/21,"East Dry crk, CTNF",Research,On site,IDFG,2021
1050,Male,Adult,8/15/21,"Meadow crk, PR-WY",Management,Transported,WGFD,2021
890,Male,Adult,8/16/21,"Wagon crk, BTNF",Management,Removed,WGFD,2021
1012,Female,Subadult,8/17/21,"Bootjack crk, CTNF",Research,On site,IDFG,2021
202134,Female,Subadult,8/18/21,"Fox crk, BDNF",Management,Removed (202134),WS,2021
1051,Male,Subadult,8/19/21,"Ingals crk, CTNF",Research,On site,IDFG,2021
202135,Male,Subadult,8/20/21,"Warm spring crk, PR-WY",Management,Removed (202135),WGFD,2021
202136,Male,Subadult,8/20/21,"Warm spring crk, PR-WY",Management,Removed (202136),WGFD,2021
G269,Male,Subadult,8/21/21,"Upper Green, WY",Management,Removed (202137),WGFD,2021
424,Male,Adult,8/23/21,"Ingals crk, CTNF",Research,On site,IDFG,2021
424,Male,Adult,8/24/21,"Ingals crk, CTNF",Research,On site,IDFG,2021
424,Male,Adult,8/25/21,"Ingals crk, CTNF",Research,On site,IDFG,2021
951,Male,Adult,8/24/21,"South Fork Fish crk, BTNF",Management,Removed (202138),WGFD,2021
560,Female,Adult,8/25/21,"Trout crk, SNF",Management,Transported,WGFD,2021
G273,Female,cub,8/26/21,"Bear crk, PR-MT",Management,On site,WS/MTFWP,2021
202141,Male,Adult,9/1/21,"Meadow crk, PR-WY",Management,Removed (202141),WGFD,2021
974,Female,Adult,9/4/21,"Middle Fork owl crk, BLM-WY",Management,Removed (202143),WGFD,2021
864,Female,Adult,9/6/21,"Bridge crk, YNP",Research,On site,IGBST,2021
1052,Male,Adult,9/9/21,"Cascade crk, YNP",Research,On site,IGBST,2021
804,Male,Adult,9/9/21,"Cascade crk, YNP",Research,On site,IGBST,2021
1053,Male,Adult,9/11/21,"Gypsum crk, BTNF",Management,Transported,WGFD,2021
202145,Male,Adult,9/15/21,"Clarks Fork Yellowstone, PR-WY",Management,Removed (202145),WGFD,2021
G274,Male,Adult,9/15/21,"Arnica crk, YNP",Research,On site,IGBST,2021
953,Male,Adult,9/22/21,"Flat Mountain crk, YNP",Research,On site,IGBST,2021
202153,Female,Adult,9/27/21,"East Fork Wind River, SNF",Management,Removed (202153),WGFD,2021
1054,Female,Adult,10/2/21,"Jasper crk, YNP",Research,On site,IGBST,2021
1017,Female,Subadult,10/1/21,"Snake River, PR-WY",Management,Removed (202159),WGFD,2021
957,Female,Adult,10/5/21,"Carbon County, PR-MT",Management,Removed (202161),WS/MTFWP,2021
202162,Female,Subadult,10/5/21,"Carbon County, PR-MT",Management,Removed (202162),WS/MTFWP,2021
1055,Male,Adult,10/10/21,"Greybull River, PR-WY",Management,Transported,WGFD,2021
962,Female,Adult,10/16/21,"Snake River, GTNP",Management,Removed (202166),GTNP,2021
202167,Male,Adult,10/18/21,"Shoshone River, PR-WY",Management,Removed (202167),WGFD,2021
991,Male,Adult,10/22/21,"squaw crk, PR-WY",Management,Removed,WGFD,2021
202169,Female,Adult,10/26/21,"Meeteetse Crk, PR WY",Management,Removed (202169),WGFD,2021
1056,Male,Subadult,10/26/21,"Meeteetse Crk, PR WY",Management,On site,WGFD,2021
1057,Male,Subadult,11/6/21,"Snake River, BTNF",Management,On site,IGBST,2021
1058,Male,Subadult,11/6/21,"Snake River, BTNF",Management,On site,IGBST,2021
Unm202125,Female,Subadult,11/6/21,"Snake River, BTNF",Management,On site,IGBST,2021
984,Male,Subadult,4/25/20,"Cottonwood crk, BOR-WY",Management,Removed (202001),WGFD,2020
802,Male,Adult,4/29/20,"Snake River, PR-WY",Management,Removed (202002),WGFD,2020
834,Male,Adult,5/5/20,"North Fork Shoshone, PR-WY",Management,Removed (202003),WGFD,2020
987,Male,Adult,5/7/20,"South Fork Shoshone, PR-WY",Management,Transported,WGFD,2020
987,Male,Adult,6/26/20,"Green crk, SNF",Research,On site,WGFD,2020
Unm202001,Male,Subadult,5/9/20,"Cottonwood crk, BOR-WY",Management,Removed (202005),WGFD,2020
988,Male,Subadult,5/17/20,"South Fork Shoshone, PR-WY",Management,Transported,WGFD,2020
989,Female,Adult,5/16/20,"Hotel crk, BLM-ID",Management,Transported,IDFG,2020
G264,Female,Subadult,5/16/20,"Hotel crk, BLM-ID",Management,Transported,IDFG,2020
990,Male,Subadult,5/21/20,"Brent crk, SNF",Research,On site,WGFD,2020
990,Male,Subadult,6/1/20,"Brent crk, SNF",Research,On site,WGFD,2020
991,Male,Subadult,5/22/20,"Clarks Fork River, PR-WY",Management,Transported,WGFD,2020
G265,Male,Subadult,5/27/20,"Brent Crk,SNF",Research,On site,WGFD,2020
G265,Male,Subadult,5/30/20,"Brent Crk,SNF",Research,On site,WGFD,2020
G265,Male,Subadult,6/3/20,"Brent Crk, SNF",Research,On site,WGFD,2020
G265,Male,Subadult,6/10/20,"Brent Crk,SNF",Research,On site,WGFD,2020
G265,Male,Subadult,6/14/20,"Brent Crk,SNF",Research,On site,WGFD,2020
G265,Male,Subadult,6/18/20,"Brent Crk,SNF",Research,On site,WGFD,2020
G266,Male,Subadult,5/27/20,"Horse crk, SNF",Research,On site,WGFD,2020
992,Female,Subadult,6/5/20,"Henrys Fork, CTNF",Research,On site,IDFG,2020
993,Male,Adult,6/5/20,"Charlie crk, SNF",Research,On site,WGFD,2020
994,Male,Subadult,6/6/20,"Henrys Fork, CTNF",Research,On site,IDFG,2020
409,Female,Adult,6/6/20,"East Fork Long crk, SNF",Research,On site,WGFD,2020
879,Male,Adult,6/7/20,"Wolf crk, PR-MT",Management,Removed (202008),WS/MTFWP,2020
995,Male,Adult,6/8/20,"Henrys Fork, CTNF",Research,On site,IDFG,2020
996,Male,Adult,6/12/20,"Henrys Fork, CTNF",Research,On site,IDFG,2020
996,Male,Adult,7/3/20,"Henrys Fork, CTNF",Research,On site,IDFG,2020
747,Female,Adult,6/13/20,"West Fork Long crk, SNF",Research,On site,WGFD,2020
Unm202002,Female,Adult,6/17/20,"South Dry crk, ST-MT",Management,Removed (202009),ws,2020
Unm202003,Male,Adult,6/17/20,"South Fork owl crk, PR-WY",Management,Removed (202010),WGFD,2020
Unm202004,Female,Subadult,6/18/20,"Ghost crk, SNF",Management,Removed (202011),WGFD,2020
Unm202005,Male,Adult,6/19/20,"Bear crk, PR-MT",Management,Removed (202012),WS/MTFWP,2020
997,Male,Subadult,6/20/20,"Brent Crk,SNF",Research,On site,WGFD,2020
978,Male,Subadult,6/20/20,"Trout Crk,SNF",Research,On site,WGFD,2020
998,Female,Adult,6/21/20,"Henrys Fork, CTNF",Research,On site,IDFG,2020
999,Female,Adult,6/23/20,"Trout Crk,SNF",Research,On site,WGFD,2020
1000,Male,Yearling,6/26/20,"Trout Crk,SNF",Research,On site,WGFD,2020
G267,Male,Yearling,6/26/20,"Trout Crk,SNF",Research,On site,WGFD,2020
1001,Female,Subadult,7/1/20,"Crow crk, BTNF",Management,Transported,WGFD,2020
936,Male,Adult,7/3/20,"Fence crk, BTNF",Management,Removed (202014),WGFD,2020
Unm202006,Male,Subadult,7/3/20,"Grayling Arm, Hebgen Lake, CGNF",Management,Removed (202015),MTFWP,2020
588,Male,Adult,7/6/20,"Sheridan crk, CTNF",Research,On site,IDFG,2020
373,Male,Adult,7/7/20,"Warm River, CTNF",Research,On site,IDFG,2020
Unm202007,Male,Subadult,7/12/20,"West Rosebud crk, PRMT",Management,Removed (202016),WS/MTFWP,2020
899,Female,Adult,7/14/20,"Henrys Fork, CTNF",Research,On site,IDFG,2020
899,Female,Adult,8/6/20,"Bear crk, CTNF",Research,On site,IDFG,2020
Unm202008,Unknown,Yearling,7/15/20,"Deadman crk, PR-MT",Research,On site,IGBST,2020
Unm202009,Unknown,Yearling,7/15/20,"Deadman crk, PR-MT",Research,On site,IGBST,2020
Unm202010,Unknown,Yearling,7/15/20,"Deadman crk, PR-MT",Research,On site,IGBST,2020
653,Male,Adult,7/17/20,"Warm River, CTNF",Research,On site,IDFG,2020
653,Male,Adult,7/25/20,"Henrys Fork, CTNF",Research,On site,IDFG,2020
1002,Male,Adult,7/22/20,"Wagon crk, BTNF",Management,Transported,WGFD,2020
Unm202011,Female,Subadult,7/23/20,"Bear crk, PR-MT",Management,Removed (202017),WS/MTFWP,2020
G268,Male,Subadult,7/23/20,"Henrys Fork, CTNF",Research,On site,IDFG,2020
G268,Male,Subadult,7/26/20,"Henrys Fork, CTNF",Research,On site,IDFG,2020
1003,Female,Adult,7/24/20,"Eldridge crk, CGNF",Research,On site,IGBST,2020
1003,Female,Adult,8/6/20,"Deadhorse crk, CGNF",Research,On site,IGBST,2020
1004,Male,Adult,7/26/20,"Eldridge crk, CGNF",Research,On site,IGBST,2020
1005,Female,Subadult,7/26/20,"Cream crk, CGNF",Research,On site,IGBST,2020
1006,Male,Subadult,7/28/20,"Buffalo Fork, PR-WY",Management,Transported,WGFD,2020
1006,Male,Subadult,8/7/20,"Eagle crk, SNF",Management,Removed (202021),WGFD,2020
686,Female,Adult,7/29/20,"Eldridge crk, CGNF",Research,On site,IGBST,2020
1007,Male,Adult,7/30/20,"Deadhorse crk, CGNF",Research,On site,IGBST,2020
168,Male,Adult,7/30/20,"Wagon crk, BTNF",Management,Removed (202018),WGFD,2020
813,Male,Adult,7/30/20,"Tom Miner crk, PR-MT",Management,Removed (202019),MTFWP,2020
G269,Male,Subadult,7/31/20,"Leidy crk, BTNF",Research,On site,WGFD,2020
G269,Male,Subadult,8/5/20,"Dry Lake crk, BTNF",Research,On site,WGFD,2020
Unm202012,Unknown,Yearling,7/31/20,"Jesse crk, CTNF",Research,On site,IDFG,2020
Unm202013,Female,Subadult,8/2/20,"South Fork Shoshone, PR-WY",Management,Removed (202020),WGFD,2020
949,Female,Subadult,8/2/20,"Warm River, CTNF",Research,On site,IDFG,2020
687,Male,Adult,8/2/20,"Bear crk, CTNF",Research,On site,IDFG,2020
Unm202014,Unknown,Yearling,8/2/20,"Jesse crk, CTNF",Research,On site,IDFG,2020
1008,Male,Adult,8/3/20,"North Fork Spread Crk, BTNF",Research,On site,WGFD,2020
913,Female,Adult,8/7/20,"Bear crk, CTNF",Research,On site,IDFG,2020
1009,Female,Subadult,8/8/20,"Grouse crk, BTNF",Research,On site,WGFD,2020
1009,Female,Subadult,8/12/20,"Skull crk, BTNF",Research,On site,WGFD,2020
1009,Female,Subadult,8/20/20,"South Fork spread crk, BTNF",Research,On site,WGFD,2020
1010,Male,Adult,8/8/20,South Fork Spread Crk,Research,On site,WGFD,2020
819,Male,Adult,8/8/20,"Dry Lake crk, BTNF",Research,On site,WGFD,2020
1011,Male,Subadult,8/11/20,"Howard crk, CTNF",Research,On site,IDFG,2020
1012,Female,Yearling,8/11/20,"Timber crk, CTNF",Research,On site,IDFG,2020
G270,Male,Yearling,8/11/20,"Timber crk, CTNF",Research,On site,IDFG,2020
909,Female,Adult,8/12/20,"Timber crk, CTNF",Research,On site,IDFG,2020
914,Female,Adult,8/14/20,"Bootjack crk, CTNF",Research,On site,IDFG,2020
1013,Female,Adult,8/14/20,"Timber crk, CTNF",Research,On site,IDFG,2020
727,Male,Adult,8/15/20,"Howard crk, CTNF",Research,On site,IDFG,2020
805,Male,Adult,8/15/20,"Dry Lake crk, BTNF",Research,On site,WGFD,2020
1014,Female,Subadult,8/16/20,"Buttermilk crk, PR-MT",Management,Transported,MTFWP,2020
1014,Female,Subadult,9/1/20,"Denny crk, PR-MT",Management,Removed (202025),MTFWP,2020
1015,Male,Subadult,8/16/20,"Buttermilk crk, PR-MT",Management,Transported,MTFWP,2020
1015,Male,Subadult,9/1/20,"Denny crk, PR-MT",Management,Removed (202026),MTFWP,2020
Unm202015,Female,Adult,8/29/20,"Blaine crk, PR-WY",Management,Removed (202023),WGFD,2020
Unm202016,Female,Subadult,8/30/20,"Blaine crk, PR-WY",Management,Removed (202024),WGFD,2020
Unm202017,Male,Subadult,9/1/20,"South Fork owl crk, WRIR",Management,Removed (202027),WGFD,2020
499,Female,Adult,9/2/20,"Raspberry crk, BTNF",Management,Transported,WGFD,2020
G271,Male,Subadult,9/2/20,"Raspberry crk, BTNF",Management,Transported,WGFD,2020
679,Male,Adult,9/10/20,"Pilgrim crk, GTNP",Research,On site,IGBST,2020
394,Male,Adult,9/16/20,"Cascade crk, YNP",Research,On site,IGBST,2020
980,Female,Adult,9/17/20,"Cascade crk, YNP",Research,On site,IGBST,2020
1016,Male,Adult,9/19/20,"Trout crk, YNP",Research,On site,IGBST,2020
881,Male,Adult,9/21/20,"Trout crk, YNP",Research,On site,IGBST,2020
1017,Female,Subadult,9/24/20,"Trout crk, PR-WY",Management,Transported,WGFD,2020
Unm202018,Male,Adult,9/24/20,"Timber crk, PR-WY",Management,Removed (202030),WGFD,2020
G256,Male,Subadult,9/26/20,"Voiney crk, PR-MT",Management,Removed (202033),WS/MTFWP,2020
Unm202019,Male,Subadult,9/29/20,"South Fork Shoshone, PR-WY",Management,Removed (202036),WGFD,2020
Unm202020,Male,Adult,9/29/20,"Green River, BTNF",Management,Removed (202037),WGFD,2020
Unm202021,Unknown,Yearling,9/18/20,"Pilgrim crk, GTNP",Research,On site,IGBST,2020
460,Male,Adult,10/2/20,"Pilgrim crk, GTNP",Research,On site,IGBST,2020
962,Female,Subadult,10/2/20,"Snake River, GTNP",Research,On site,GTNP,2020
1018,Female,Adult,10/18/20,"Snake River, GTNP",Research,On site,GTNP,2020
Unm202022,Female,Subadult,10/19/20,"Horse crk, BLM-WY",Management,Removed (202045),WGFD,2020
1019,Male,Subadult,10/30/20,"Snake River, GTNP",Research,On site,GTNP,2020
Unm202023,Male,Adult,11/4/20,"Pat O'Hara crk, PR-WY",Management,Removed (202048),WGFD,2020
697,Male,Adult,3/31/19,"South Fork Shoshone, PR-WY",Management,Removed (201901),WGFD,2019
944,Male,Subadult,4/16/19,"Carter crk, PR-WY",Management,Removed (201904),WGFD,2019
G247,Male,Subadult,5/10/19,"Pat O'Hara crk, PR-WY",Management,Removed (201907),WGFD,2019
Unm201901,Male,Subadult,5/11/19,"Carter crk, PR-WY",Management,Removed (201908),WGFD,2019
735,Female,Adult,5/15/19,"Blacktail Deer crk, YNP",Research,On site,IGBST,2019
735,Female,Adult,10/30/19,"Bear crk, PR-MT",Management,Removed (201938),MTFWP/WS,2019
958,Male,Adult,5/19/19,"Ghost crk, PR-WY",Management,Transported,WGFD,2019
480,Male,Adult,5/19/19,"Antelope crk, YNP",Research,On site,IGBST,2019
480,Male,Adult,9/6/19,"Bridge crk, YNP",Research,On site,IGBST,2019
Unm201902,Unk,Subadult,5/25/19,"Pilgrim Crk, GTNP",Research,On site,IGBST/GTNP,2019
Unm201903,Male,Subadult,5/25/19,"Pilgrim Crk, GTNP",Research,On site,IGBST/GTNP,2019
810,Male,Adult,5/27/19,"Snake River, GTNP",Research,On site,IGBST/GTNP,2019
810,Male,Adult,5/30/19,"Snake River, GTNP",Research,On site,IGBST/GTNP,2019
810,Male,Adult,6/12/19,"Pilgrim Crk, GTNP",Research,On site,IGBST/GTNP,2019
960,Male,Subadult,5/30/19,"Timber crk, SNF",Research,On site,WGFD,2019
960,Male,Subadult,6/1/19,"Francs Fork, SNF",Research,On site,WGFD,2019
959,Male,Adult,5/31/19,"Pilgrim crk, GTNP",Research,On site,IGBST/GTNP,2019
959,Male,Adult,6/9/19,"Pilgrim crk, GTNP",Research,On site,IGBST/GTNP,2019
G253,Male,Subadult,6/4/19,"Greybull River, PR-WY",Research,On site,WGFD,2019
394,Male,Adult,6/5/19,"Antelope crk, YNP",Research,On site,IGBST,2019
961,Female,Adult,6/7/19,"Greybull River, PR-WY",Research,On site,WGFD,2019
962,Female,Subadult,6/8/19,"Snake River, GTNP",Research,On site,IGBST/GTNP,2019
962,Female,Subadult,10/18/19,"Pilgrim crk, GTNP",Research,On site,GTNP,2019
G254,Male,Subadult,6/8/19,"Francs Fork, SNF",Research,On site,WGFD,2019
G254,Male,Subadult,6/11/19,"West Fork Timber crk, SNF",Research,On site,WGFD,2019
963,Male,Adult,6/11/19,"Francs Fork, SNF",Research,On site,WGFD,2019
926,Female,Subadult,6/12/19,"Snake River, GTNP",Research,On site,IGBST/GTNP,2019
964,Female,Subadult,6/12/19,"Snake River, GTNP",Research,On site,IGBST/GTNP,2019
964,Female,Subadult,9/30/19,"Snake River, PR-WY",Management,Transported,WGFD,2019
G255,Male,Adult,6/13/19,"Timber crk, SNF",Research,On site,WGFD,2019
Unm201904,Male,Adult,6/17/19,"Marquette crk, PR-WY",Management,Removed (201911),WGFD,2019
965,Female,Adult,6/17/19,"Four Bears crk, BLM",Research,On site,WGFD,2019
G256,Male,Yearling,6/19/19,"Bear crk, PR-MT",Management,On site,ws,2019
966,Female,Subadult,6/20/19,"Francs Fork, SNF",Research,On site,WGFD,2019
967,Male,Adult,6/20/19,"Four Bears crk, SNF",Research,On site,WGFD,2019
862,Male,Adult,6/23/19,"Flat Mountain crk, YNP",Research,On site,IGBST,2019
816,Male,Adult,6/25/19,"Long crk, SNF",Management,Removed (201912),WGFD,2019
968,Male,Adult,6/30/19,"Bear crk, PR-MT",Management,Transported,MTFWP/WS,2019
968,Male,Adult,9/2/19,"Rock crk, PR-MT",Management,Removed (201922),MTFWP/WS,2019
883,Female,Adult,7/3/19,"Flat Mountain crk, YNP",Research,On site,IGBST,2019
975,Male,Subadult,7/6/19,"Henrys Fork, CTNF",Research,On site,DFG,2019
975,Male,Subadult,8/17/19,"Bear crk, CTNF",Research,On site,DFG,2019
706,Female,Adult,7/8/19,"Henrys Fork, CTNF",Research,On site,DFG,2019
706,Female,Adult,8/20/19,"Bear crk, CTNF",Research,On site,DFG,2019
G258,Male,Subadult,7/9/19,"Henrys Fork, CTNF",Research,On site,DFG,2019
935,Male,Subadult,7/14/19,"Henrys Fork, CTNF",Research,On site,DFG,2019
935,Male,Subadult,8/18/19,"Bear crk, CTNF",Research,On site,DFG,2019
653,Male,Adult,7/16/19,"Henrys Fork, CTNF",Research,On site,DFG,2019
G259,Male,Subadult,7/19/19,"Middle Fork Owl crk, PR-WY",Management,Removed (201913),WGFD,2019
G229,Male,Adult,7/21/19,"Wagon crk, BTNF",Management,Removed (201914),WGFD,2019
G260,Male,Subadult,7/21/19,"Wagon crk, BTNF",Management,Transported,WGFD,2019
913,Female,Adult,7/24/19,"Wyoming crk, CTNF",Research,On site,DFG,2019
G261,Male,Adult,7/25/19,"Bridge crk, YNP",Research,On site,IGBST,2019
969,Female,Adult,7/25/19,"Arnica crk, YNP",Research,On site,IGBST,2019
969,Female,Adult,8/25/19,"Arnica crk, YNP",Research,On site,IGBST,2019
970,Male,Adult,7/26/19,"Arnica crk, YNP",Research,On site,IGBST,2019
971,Male,Adult,7/27/19,"Wyoming crk, CTNF",Research,On site,DFG,2019
971,Male,Adult,8/24/19,"Bear crk, CTNF",Research,On site,DFG,2019
972,Male,Adult,7/28/19,"Sheridan crk, SNF",Management,Transported,WGFD,2019
419,Male,Adult,7/29/19,"Boot Jack crk, CTNF",Research,On site,DFG,2019
973,Female,Subadult,8/1/19,"Fish crk, BTNF",Management,Transported,WGFD,2019
973,Female,Subadult,10/22/19,"North Fork Shoshone, PR-WY",Management,Removed (201934),WGFD,2019
Unm201905,Male,Adult,8/8/19,"Green River, BTNF",Management,Removed (201915),WGFD,2019
974,Female,Subadult,8/8/19,"Owl crk, PR-WY",Management,Transported,WGFD,2019
G262,Male,Subadult,8/12/19,"Wagon crk, BTNF",Management,Transported,WGFD,2019
G245,Male,Subadult,8/18/19,"Jesse crk, CTNF",Research,On site,DFG,2019
976,Female,Adult,8/21/19,"Slip and Slide crk, CGNF",Research,On site,IGBST,2019
Unm201906,Female,Adult,8/24/19,"Skull crk, ST-WY",Management,Removed (201916),WGFD,2019
Unm201907,Female,Cub,8/24/19,"Skull crk, ST-WY",Management,Removed (201917),WGFD,2019
Unm201908,Male,Cub,8/24/19,"Skull crk, ST-WY",Management,Removed (201918),WGFD,2019
977,Female,Adult,8/24/19,"Trout Crk, SNF",Management,Transported,WGFD,2019
637,Male,Adult,8/24/19,"Trout Crk, SNF",Management,Removed (201919),WGFD,2019
481,Female,Adult,8/25/19,"Arnica Crk,YNP",Research,On site,IGBST,2019
792,Male,Adult,8/27/19,"Wagon Crk, BTNF",Management,Removed (201920),WGFD,2019
589,Male,Adult,8/27/19,"Arnica Crk,YNP",Research,On site,IGBST,2019
G214,Female,Subadult,8/28/19,"Greybull River, PR-WY",Management,Removed (201921),WGFD,2019
978,Male,Subadult,8/29/19,"Fish crk, BTNF",Management,Transported,WGFD,2019
695,Male,Adult,9/11/19,"Gibbon River, YNP",Research,On site,IGBST,2019
979,Female,Subadult,9/13/19,"Gypsum crk, BTNF",Management,Transported,WGFD,2019
Unm201909,Unk,Subadult,9/13/19,"Gibbon River, YNP",Research,On site,IGBST,2019
980,Female,Adult,9/15/19,"Gibbon River, YNP",Research,On site,IGBST,2019
981,Female,Subadult,9/15/19,"Gibbon River, YNP",Research,On site,IGBST,2019
G236,Male,Adult,9/19/19,"Clarks Fork River, PR-WY",Management,Removed (201924),WGFD,2019
982,Male,Subadult,9/20/19,"Meadow crk, PR-WY",Management,Transported,WGFD,2019
828,Male,Adult,9/21/19,"West Fork Madison, BDNF",Management,Removed (201925),WS,2019
983,Male,Adult,9/21/19,"Crandall crk, PR-WY",Management,Transported,WGFD,2019
984,Male,Yearling,9/22/19,"Dry crk, PR-WY",Management,Transported,WGFD,2019
985,Male,Adult,9/25/19,"Snake River, GTNP",Research,On site,GTNP,2019
985,Male,Adult,10/11/19,"Snake River, GTNP",Research,On site,GTNP,2019
G263,Male,Yearling,9/26/19,"spring crk, BLM-WY",Management,Transported,WGFD,2019
Unm201910,Male,Subadult,9/30/19,"Grinnell crk, SNF",Management,Mortality (201930),WGFD,2019
834,Male,Adult,10/1/19,"Jim crk, PR-WY",Management,Transported,WGFD,2019
986,Female,Adult,10/2/19,"Stephens crk, YNP",Research,On site,IGBST,2019
812,Male,Adult,10/2/19,"Stephens crk, YNP",Research,On site,IGBST,2019
804,Male,Adult,10/4/19,"Antelope crk, YNP",Research,On site,IGBST,2019
934,Male,Adult,10/8/19,"Pilgrim crk, GTNP",Research,On site,GTNP,2019
668,Male,Adult,10/13/19,"Belknap crk, PR-WY",Management,Removed (201932),WGFD,2019
Unm201911,Unk,Cub,10/15/19,"Snake River, GTNP",Research,On site,GTNP,2019
649,Male,Adult,4/10/18,"Rawhide crk, PR-WY",Management,Removed (201801),WGFD,2018
921,Male,Subadult,4/24/18,"Bull crk, PR-WY",Management,Transport,WGFD,2018
921,Male,Subadult,9/1/18,"South Fork Shoshone, PR-WY",Management,Removed (201836),WGFD,2018
Unml,Male,Adult,4/29/18,"Pat O'Hara, PR-WY",Management,Removed (201802),WGFD,2018
Unm2,Male,Adult,5/8/18,"Clarks Fork Yellowstone, SNF",Management,Removed (201803),WGFD,2018
Unm3,Male,Adult,5/9/18,"Green crk, PR-WY",Management,Removed (201804),WGFD,2018
922,Male,Adult,5/25/18,"Pacific crk, GTNP",Research,On site,IGBST/GTNP,2018
G234,Male,Subadult,5/29/18,"Pacific crk, GTNP",Research,On site,IGBST,2018
Unm4,Female,Subadult,5/30/18,"Blaine crk, BLM-WY",Management,Removed (201813),WGFD,2018
G235,Male,Subadult,5/30/18,"Cottonwood crk, PR-WY",Management,Transport,WGFD,2018
363,Male,Adult,6/7/18,"Pacific crk, GTNP",Research,On site,IGBST/GTNP,2018
810,Male,Adult,6/7/18,"Snake River, GTNP",Research,On site,IGBST/GTNP,2018
810,Male,Adult,6/9/18,"spread crk, GTNP",Research,On site,IGBST/GTNP,2018
810,Male,Adult,6/15/18,"Pacific crk, GTNP",Research,On site,IGBST/GTNP,2018
923,Male,Adult,6/10/18,"Pacific crk, GTNP",Research,On site,IGBST/GTNP,2018
924,Female,Subadult,6/13/18,"Pacific crk, GTNP",Research,On site,IGBST/GTNP,2018
925,Male,Adult,6/13/18,"Reef crk, SNF",Research,On site,WGFD,2018
Unm5,Unk,Yearling,6/13/18,"Ghost crk, SNF",Research,On site,WGFD,2018
926,Female,Subadult,6/15/18,"Snake River, GTNP",Research,On site,IGBST/GTNP,2018
927,Male,Adult,6/15/18,"Ghost crk, SNF",Research,On site,WGFD,2018
928,Male,Adult,6/16/18,"Sunlight crk, SNF",Research,On site,WGFD,2018
928,Male,Adult,6/20/18,"Gravelbar crk, SNF",Research,On site,WGFD,2018
929,Male,Subadult,6/18/18,"Wigwam crk, BDNF",Research,On site,IGBST,2018
930,Female,Adult,6/18/18,"Deadman crk, SNF",Research,On site,WGFD,2018
931,Male,Adult,6/19/18,"Wigwam crk, BDNF",Research,On site,IGBST,2018
G236,Male,Subadult,6/20/18,"Deadman crk, SNF",Research,On site,WGFD,2018
932,Male,Adult,6/20/18,"Reef crk, SNF",Research,On site,WGFD,2018
786,Female,Adult,6/21/18,"Deadman crk, PR-MT",Research,On site,IGBST,2018
Unm6,Male,Adult,6/22/18,"Bull crk, BLM-WY",Management,Removed (201818),WGFD,2018
Unm7,Male,Adult,6/22/18,"Foster Gulch, PR-MT",Management,Removed (201819),ws,2018
933,Female,Adult,6/22/18,"Ghost crk, SNF",Research,On site,WGFD,2018
G237,Male,Adult,6/23/18,"Gravelbar crk, SNF",Research,On site,WGFD,2018
G196,Male,Adult,6/23/18,"Deadman crk, SNF",Research,On site,WGFD,2018
712,Male,Adult,6/26/18,"Beem Gulch, SNF",Research,On site,WGFD,2018
G238,Male,Adult,6/27/18,"Gravelbar crk, SNF",Research,On site,WGFD,2018
384,Female,Adult,6/28/18,"Reef crk, SNF",Research,On site,WGFD,2018
934,Male,Adult,7/1/18,"Pilgrim crk, GTNP",Research,On site,IGBST/GTNP,2018
934,Male,Adult,7/6/18,"Pilgrim crk, GTNP",Research,On site,IGBST/GTNP,2018
934,Male,Adult,7/9/18,"Pacific crk, GTNP Henrys Fork, CTNF",Research,On site,IGBST/GTNP,2018
935,Male,Subadult,7/5/18,"Henrys Fork, CTNF",Research,On site,IDFG,2018
G239,Male,Subadult,7/5/18,"Henrys Fork, CTNF",Research,On site,IDFG,2018
936,Male,Subadult,7/3/18,"Wagon crk, BTNF",Management,Transport,WGFD,2018
841,Male,Adult,7/8/18,"Crow crk, BTNF",Management,Removed (201820),WGFD,2018
899,Female,Adult,7/9/18,"Warm River, CTNF",Research,On site,IDFG,2018
937,Male,Subadult,7/11/18,"Mill crk, CTNF",Management,Transport,IDFG,2018
937,Male,Subadult,7/20/18,"Mill crk, CTNF",Management,Removed (201823),IDFG,2018
938,Male,Adult,7/13/18,"Jesse crk, CTNF",Research,On site,WGFD/WRIR,2018
344,Male,Adult,7/13/18,"Wagon crk, BTNF",Management,Removed (201821),WGFD,2018
592,Male,Adult,7/13/18,"Mosquito Lake, BTNF",Management,Removed (201822),WGFD,2018
Unm 8,Unk,Yearling,7/13/18,"Wagon crk, BTNF",Management,On site,WGFD,2018
G240,Male,Subadult,7/16/18,"South Fork Fish crk, BTNF",Management,On site,WGFD,2018
939,Male,Adult,7/19/18,"Bull Lake crk, WRIR",Research,On site,WGFD,2018
940,Male,Adult,7/21/18,"East Dry crk, CTNF",Management,Transport,IDFG,2018
941,Male,Adult,7/25/18,"Bob crk, WRIR",Research,On site,WGFD/WRIR,2018
G241,Male,Subadult,7/24/18,"Wagonfeur crk, PR-WY",Management,Transport,WGFD,2018
G242,Female,Yearling,7/24/18,"Gypsum crk, BTNF",Management,Transport,WGFD,2018
G243,Male,Yearling,7/25/18,"Gypsum crk, BTNF",Management,Transport,WGFD,2018
G244,Female,Yearling,7/25/18,"Gypsum crk, BTNF",Management,Transport,WGFD,2018
439,Female,Adult,7/25/18,"Gypsum crk, BTNF",Management,Removed (201825),WGFD,2018
942,Female,Adult,7/29/18,"East Dry crk, CTNF",Research,On site,IDFG,2018
G245,Male,Subadult,7/31/18,"Jesse crk, CTNF",Research,On site,IDFG,2018
Unm 9,Male,Adult,8/1/18,"Gypsum crk, BTNF",Management,Removed (201827),WGFD,2018
G246,Female,Subadult,8/2/18,"Henrys Fork, CTNF",Research,On site,IDFG,2018
723,Male,Adult,8/5/18,"Gypsum crk, BTNF",Management,Removed (201828),WGFD,2018
808,Male,Adult,8/4/18,"Paint crk, PR-WY",Management,Removed (201829),WGFD,2018
906,Female,Adult,8/6/18,"Henrys Fork, CTNF",Research,On site,IDFG,2018
G247,Male,Subadult,8/7/18,"Wagon crk, BTNF",Management,Transport,WGFD,2018
943,Male,Yearling,8/8/18,"Henrys Fork, CTNF",Research,Transport,IDFG,2018
943,Male,Yearling,8/14/18,"Henrys Fork, PR-ID",Management,Removed (201827),IDFG,2018
859,Male,Subadult,8/8/18,"Wagon crk, BTNF",Management,Transport,WGFD,2018
859,Male,Subadult,9/6/18,"Fish crk, BTNF",Management,Removed (201840),WGFD,2018
872,Male,Adult,8/11/18,"Blind crk, CTNF",Research,On site,IDFG,2018
Unm10,Unk,Adult,8/11/18,"Freezeout crk, BDNF",Management,Removed (201831),WS,2018
913,Female,Adult,8/13/18,"Bear crk, CTNF",Research,On site,IDFG,2018
740,Male,Adult,8/13/18,"Wa on crk, BTNF",Management,Removed (201832),WGFD,2018
Unm11,Female,Adult,8/9/18,"JK crk, WRIR",Management,Removed (201833),WRIR,2018
944,Male,Subadult,8/17/18,"South Fork Shoshone, PR-WY",Management,Transport,WGFD,2018
945,Male,Adult,8/18/18,"Tosi crk, PR-WY",Management,Transport,WGFD,2018
946,Male,Subadult,8/19/18,"Middle Soda crk, BTNF",Research,On site,WGFD,2018
946,Male,Adult,9/10/18,"Te ee crk, BTNF",Management,Transport,WGFD,2018
947,Female,Adult,8/23/18,"Crow crk, BTNF",Management,Transport,WGFD,2018
948,Female,Adult,8/24/18,"Buffalo crk, YNP",Research,On site,IGBST,2018
949,Female,Subadult,8/25/18,"Henrys Fork, CTNF",Research,On site,IDFG,2018
860,Male,Adult,8/30/18,"Reader crk, PR-MT",Management,Removed (201835),WS/MTFWP,2018
738,Male,Adult,9/4/18,"North Fork Shoshone, PR-WY",Management,(#201838),WGFD,2018
Unm12,Male,Adult,9/4/18,"South Fork Shoshone, PR-WY",Management,Removed (201839),WGFD,2018
771,Female,Adult,9/6/18,"Paint crk, PR-WY",Management,Transport,WGFD,2018
771,Female,Adult,10/25/18,"Shoshone River, PR-WY",Management,Removed (201867),WGFD,2018
G248,Male,Cub,9/6/18,"Paint crk, PR-WY",Management,Transport,WGFD,2018
G248,Male,Cub,10/25/18,"Shoshone River, PR-WY",Management,Removed (201868),WGFD,2018
G249,Female,Cub,9/6/18,"Paint crk, PR-WY",Management,Transport,WGFD,2018
G249,Female,Cub,10/25/18,"Shoshone River, PR-WY",Management,Removed (201869),WGFD,2018
Unm13,Female,Cub,9/6/18,"Paint crk, PR-WY",Management,Mortality (201841),WGFD,2018
950,Female,Subadult,9/7/18,"Slab crk, PR-WY",Management,Transport,WGFD,2018
951,Male,Subadult,9/12/18,"South Fork owl crk, STWY",Management,Transport,WGFD,2018
Unm14,Female,Adult,9/16/18,"Soda Fork, BTNF",Management,Removed (201843),WGFD,2018
Unm15,Male,Yearling,9/16/18,"Soda Fork, BTNF",Management,Removed (201844),WGFD,2018
480,Male,Adult,9/20/18,"Antelope crk, YNP",Research,On site,IGBST,2018
480,Male,Adult,10/4/18,"Cascade crk, YNP",Research,On site,IGBST,2018
813,Male,Adult,9/20/18,"Stephens crk, YNP",Research,On site,IGBST,2018
Unm11,Unk,Adult,8/11/18,"Freezeout crk, BDNF",Management,Removed (201831),WS,2018
567,Female,Adult,8/13/18,"Bear crk, CTNF",Research,On site,IDFG,2018
791,Male,Adult,9/22/18,"Flat Mountain Crk, YNP",Research,On site,IGBST,2018
952,Female,Adult,9/22/18,"Stephens Crk, YNP",Research,On site,IGBST,2018
887,Male,Adult,9/22/18,"Stephens Crk, YNP",Research,On site,IGBST,2018
651,Male,Adult,9/25/18,"Corral crk, SNF",Management,Removed (201849),WGFD,2018
953,Male,Adult,9/29/18,"Flat Mountain crk, YNP",Research,On site,IGBST,2018
954,Female,Subadult,9/29/18,"South Fork Shoshone, PR-WY",Management,Transport,WGFD,2018
954,Female,Subadult,10/16/18,"South Fork Shoshone, PR-WY",Management,Transport,WGFD,2018
Unm18,Male,Subadult,9/30/18,"Clarks Fork River, PR-WY",Management,Removed (201851),WGFD,2018
955,Female,Subadult,9/30/18,"Yellowstone River, PRMT",Management,Transport,MTFWP,2018
955,Female,Subadult,10/16/18,"Yellowstone River, PRMT",Management,Removed (201864),MTFWP,2018
589,Male,Adult,10/1/18,"Arnica crk, YNP",Research,On site,IGBST,2018
589,Male,Adult,10/10/18,"Arnica Crk, YNP",Research,On site,IGBST,2018
688,Male,Adult,10/2/18,"Arnica Crk, YNP",Research,On site,IGBST,2018
Unm19,Male,Subadult,10/02./18,"Clarks Fork River, PR-WY",Management,Removed (201853),WGFD,2018
Unm20,Female,Adult,10/3/18,"Whit crk, PR-WY",Management,Removed (201856),WGFD,2018
Unm21,Male,Yearling,10/3/18,"Whit crk, PR-WY",Management,Removed (201857),WGFD,2018
Unm22,Male,Yearling,10/3/18,"Whit crk, PR-WY",Management,(#201858),WGFD,2018
Unm23,Female,Yearling,10/4/18,"Yellowstone River, PR-MT",Management,Removed (201862),MTFWP,2018
394,Male,Adult,10/5/18,"Cascade crk, YNP",Research,On site,IGBST,2018
Unm24,Male,Adult,10/7/18,"Flat Mountain Crk, YNP",Research,On site,IGBST,2018
956,Female,Adult,10/7/18,"Hunter crk, PR-WY",Management,Transport,WGFD,2018
896,Female,Adult,10/15/18,"Green River, BTNF",Management,Transport,WGFD,2018
G250,Male,Subadult,10/16/18,"Green River, BTNF",Management,Transport,WGFD,2018
957,Female,Adult,10/16/18,"Elbow crk, PR-MT",Management,Transport,MTFWP,2018
734,Female,Adult,10/16/18,"South Fork Shoshone, PR-WY",Management,On site,WGFD,2018
6065,Female,Adult,10/19/18,"Corral Crk, SNF",Management,Removed (201865),WGFD,2018
G251,Female,Yearling,10/20/18,"Corral Crk, SNF",Management,On site,WGFD,2018
Unm1,Male,Subadult,3/24/17,"Greybull River, PR-WY",Management,Removed (201701),WGFD,2017
877,Male,Subadult,4/12/17,"Dell crk, PR-WY",Management,Removed (201702),WGFD,2017
G223,Female,Yearling,4/22/17,"Jakeys Fork, PR-WY",Management,On site,WGFD,2017
G224,Male,Yearling,4/23/17,"Jakeys Fork, PR-WY",Management,On site,WGFD,2017
884,Male,Adult,4/29/17,"Pat O'Hara Crk, PR-WY",Management,Transport,WGFD,2017
G225,Male,Subadult,5/9/17,"PR-WY South Fork Shoshone,",Management,Transport,WGFD,2017
G226,Male,Subadult,5/10/17,"South Fork Shoshone, PR-WY",Management,Transport,WGFD,2017
885,Male,Adult,5/10/17,,Management,Transport,WGFD,2017
630,Male,Adult,5/19/17,"Antelope Crk, YNP",Research,On site,IGBST,2017
886,Female,Subadult,5/22/17,"Carter crk, PR-WY",Management,Transport,WGFD,2017
887,Male,Adult,5/22/17,"Elk crk, YNP",Research,On site,IGBST/YNP,2017
228,Male,Adult,5/24/17,"Stephens Crk, YNP",Research,On site,IGBST,2017
228,Male,Adult,5/25/17,"Stephens crk, YNP",Research,On site,IGBST,2017
228,Male,Adult,10/14/17,"Grayling Crk, PR-MT",Management,Removed (201735),MTFWP,2017
888,Male,Adult,5/25/17,"Gibbon River, YNP",Research,On site,IGBST,2017
888,Male,Adult,6/5/17,"Gibbon River, YNP",Research,On site,IGBST,2017
889,Male,Subadult,6/1/17,"Horse crk, SNF",Research,On site,WGFD,2017
890,Male,Subadult,6/2/17,"Buck Crk, PR-WY",Management,Transport,WGFD,2017
769,Male,Adult,6/5/17,"Stephens Crk, YNP",Research,On site,IGBST,2017
891,Male,Adult,6/5/17,"Charlie Crk, SNF",Research,On site,WGFD,2017
892,Male,Adult,6/8/17,East Fork Long Crk,Research,On site,WGFD,2017
G227,Male,Subadult,6/11/17,"Brent Crk, PR-WY",Research,On site,WGFD,2017
G228,Male,Adult,6/12/17,"Frontier Crk, SNF",Research,On site,WGFD,2017
893,Female,Adult,6/16/17,"Charlie crk, SNF",Research,On site,WGFD,2017
894,Male,Adult,6/16/17,"Horse crk, SNF",Research,On site,WGFD,2017
695,Male,Adult,6/16/17,"Gibbon River, YNP",Research,On site,IGBST,2017
227,Male,Adult,6/16/17,"Gibbon River, YNP",Research,On site,IGBST,2017
227,Male,Adult,7/9/17,"Henrys Fork, CTNF",Research,On site,IDFG,2017
227,Male,Adult,7/12/17,"Warm River, CTNF",Research,On site,IDFG,2017
227,Male,Adult,7/13/17,"Warm River, CTNF",Research,On site,IDFG,2017
227,Male,Adult,7/14/17,"Warm River, CTNF",Research,On site,IDFG,2017
895,Female,Adult,6/18/17,"Tappen Crk, SNF",Research,On site,WGFD,2017
G229,Male,Subadult,6/19/17,"East Fork Long Crk, SNF",Research,On site,WGFD,2017
896,Female,Subadult,6/20/17,"Tappen Crk, SNF",Research,On site,WGFD,2017
G230,Male,Adult,6/23/17,"Horse crk, SNF",Research,On site,WGFD,2017
816,Male,Adult,6/30/17,"Trout crk, SNF",Research,On site,WGFD,2017
897,Male,Adult,6/30/17,"Standard Crk, BDNF",Research,On site,IGBST,2017
898,Female,Adult,6/30/17,"Trout crk, SNF",Research,On site,WGFD,2017
786,Female,Adult,7/1/17,"Papoose Crk, PR-MT",Research,On site,IGBST,2017
Unm2,Unk,Yearling,7/2/17,"Enos Crk, SNF",Research,On site,WGFD,2017
Unm12,Unk,Yearling,7/2/17,"Enos Crk, SNF",Research,On site,WGFD,2017
899,Female,Subadult,7/8/17,"Warm River, CTNF",Research,On site,IDFG,2017
899,Female,Subadult,8/4/17,"Warm River, CTNF",Research,On site,IDFG,2017
824,Male,Adult,7/9/17,"West Goosewing Crk, BTNF",Management,Removed (201710),WGFD,2017
900,Female,Subadult,7/10/17,"Beauty Crk, BTNF",Research,On site,WGFD,2017
736,Male,Adult,7/11/17,"West Fork Madison, BDNF",Management,On site,WS,2017
736,Male,Adult,8/21/17,"West Fork Madison, BDNF",Management,Removed (201720),WS,2017
653,Male,Adult,7/12/17,"Henrys Fork, CTNF",Research,On site,IDFG,2017
653,Male,Adult,8/12/17,"Bootjack Crk, CTNF",Research,On site,IDFG,2017
G231,Female,Subadult,7/12/17,"Beauty Crk, BTNF",Research,On site,WGFD,2017
902,Male,Adult,7/14/17,"Papoose Crk, PR-MT",Research,On site,IGBST,2017
485,Female,Adult,7/15/17,"Gneiss Crk, YNP",Research,On site,IGBST,2017
903,Female,Adult,7/17/17,"Jesse Crk, CTNF",Research,On site,IDFG,2017
904,Male,Adult,7/19/17,"Green River, BTNF",Management,Transport,WGFD,2017
904,Male,Adult,9/12/17,"Mosquito Lake, BTNF",Management,Removed (201726),WGFD,2017
905,Female,Adult,7/20/17,"Beauty Crk, BTNF",Research,On site,WGFD,2017
825,Male,Adult,7/21/17,"Green River, BTNF",Management,Removed (201712),WGFD,2017
880,Male,Subadult,7/21/17,"Green River, BTNF",Management,Transport,WGFD,2017
763,Male,Adult,7/27/17,"Enget Crk, CTNF",Research,On site,IDFG,2017
906,Female,Adult,7/29/17,"East Fork Cream Crk, CGNF",Research,On site,IGBST,2017
907,Female,Subadult,7/31/17,"Meadow Crk, CGNF",Research,On site,IGBST,2017
908,Male,Subadult,7/31/17,"East Fork Cream Crk, CGNF",Research,On site,IGBST,2017
909,Female,Subadult,8/2/17,"East Fork Cream Crk, CGNF",Research,On site,IGBST,2017
G130,Male,Adult,8/2/17,"North Fork Owl Crk, PR-WY",Management,Removed (201713),WGFD,2017
910,Male,Subadult,8/4/17,"Eldridge Crk, CGNF",Research,On site,IGBST,2017
866,Male,Subadult,8/5/17,"Gypsum Crk, BTNF",Management,Removed (201716),WGFD,2017
Unm3,Unk,Yearling,8/7/17,"Henrys Fork, CTNF",Research,On site,IDFG,2017
911,Female,Subadult,8/10/17,"Buck Crk, CGNF",Research,On site,IGBST,2017
912,Female,Subadult,8/10/17,"Eldridge crk, CGNF",Research,On site,IGBST,2017
711,Male,Adult,8/10/17,"Warm River, CTNF",Research,On site,IDFG,2017
Unm4,Male,Yearling,8/10/17,"Camp Crk, SNF",Management,Removed (201718),WGFD,2017
Unm5,Male,Yearling,8/9/17,"Camp Crk, SNF",Management,Removed (201719),WGFD,2017
810,Male,Adult,8/11/17,"Greybull River, PR-WY",Management,Transport,WGFD,2017
G232,Male,Subadult,8/12/17,"Eldridge Crk, CGNF",Research,On site,IGBST,2017
Unm6,Unk,Yearling,8/12/17,"Meadow Crk, CGNF",Research,On site,IGBST,2017
Unm7,Unk,Yearling,8/12/17,"Meadow Crk, CGNF",Research,On site,IGBST,2017
720,Female,Adult,8/18/17,"Wigwam Crk, CGNF",Management,On site,WS,2017
913,Female,Subadult,8/23/17,"Wyoming Crk, CTNF",Research,On site,IDFG,2017
914,Female,Adult,8/25/17,"Bootjack Crk, CTNF",Research,On site,IDFG,2017
Unm8,Unk,Yearling,8/13/17,"Warm River, CTNF",Research,On site,IDFG,2017
Unm9,Unk,Yearling,8/16/17,"Henrys Fork, CTNF",Research,On site,IDFG,2017
G205,Male,Subadult,9/8/17,"Heart Lake, YNP",Management,Removed (201722),IGBST/YNP,2017
G213,Female,Subadult,9/9/17,"Greybull River, PRWY",Management,Removed (201723),WGFD,2017
915,Female,Adult,9/14/17,"Wagon crk, BTNF",Management,Transport,WGFD,2017
Unm10,Male,Subadult,9/24/17,"Green River, BTNF",Management,Removed (201727),WGFD,2017
394,Male,Adult,9/26/17,"Jasper crk, YNP South Fork Shoshone,",Research,On site,IGBST,2017
916,Male,Adult,9/27/17,"PR-WY North Fork Shoshone,",Management,Transport,WGFD,2017
G233,Female,Yearling,9/30/17,SNF,Management,On site,WGFD,2017
917,Male,Adult,9/30/17,"Bull Crk, PR-WY",Management,Transport,WGFD,2017
516,Male,Adult,10/2/17,"Oxbow Crk, YNP",Research,On site,YNP,2017
516,Male,Adult,10/12/17,"Jasper Crk, YNP",Research,On site,IGBST,2017
918,Male,Subadult,10/3/17,"North Fork Shoshone, PR-WY",Management,Transport,WGFD,2017
704,Male,Adult,10/7/17,"Jasper Crk, YNP",Research,On site,IGBST,2017
919,Female,Subadult,10/17/17,"Pat O'Hara Crk, PRWY",Management,Transport,WGFD,2017
789,Male,Adult,10/20/17,"Snake River, GTNP",Research,On site,GTNP,2017
772,Male,Adult,10/25/17,"North Fork Shoshone, SNF",Management,On site,WGFD,2017
Unm11,Female,Subadult,10/25/17,"Aspen Crk, SNF",Management,Removed (201743),WGFD,2017
542,Male,Adult,11/2/17,"Carter Crk, PR-WY",Management,Removed (201751),WGFD,2017
920,Male,Subadult,10/3/17,"North Fork Shoshone, PR-WY",Management,Transport,WGFD,2017